,ticker,corp_name,market
0,095570,AJ네트웍스,KOSPI
1,006840,AK홀딩스,KOSPI
2,027410,BGF,KOSPI
3,282330,BGF리테일,KOSPI
4,138930,BNK금융지주,KOSPI
5,001460,BYC,KOSPI
6,001465,BYC우,KOSPI
7,001040,CJ,KOSPI
8,079160,CJ CGV,KOSPI
9,00104K,CJ4우(전환),KOSPI
10,000120,CJ대한통운,KOSPI
11,011150,CJ씨푸드,KOSPI
12,011155,CJ씨푸드1우,KOSPI
13,001045,CJ우,KOSPI
14,097950,CJ제일제당,KOSPI
15,097955,CJ제일제당 우,KOSPI
16,000480,CR홀딩스,KOSPI
17,000590,CS홀딩스,KOSPI
18,012030,DB,KOSPI
19,016610,DB금융투자,KOSPI
20,005830,DB손해보험,KOSPI
21,000990,DB하이텍,KOSPI
22,139130,DGB금융지주,KOSPI
23,001530,DI동일,KOSPI
24,000210,DL,KOSPI
25,000215,DL우,KOSPI
26,375500,DL이앤씨,KOSPI
27,37550L,DL이앤씨2우(전환),KOSPI
28,37550K,DL이앤씨우,KOSPI
29,007340,DN오토모티브,KOSPI
30,004840,DRB동일,KOSPI
31,155660,DSR,KOSPI
32,069730,DSR제강,KOSPI
33,017860,DS단석,KOSPI
34,017940,E1,KOSPI
35,365550,ESR켄달스퀘어리츠,KOSPI
36,383220,F&F,KOSPI
37,007700,F&F홀딩스,KOSPI
38,114090,GKL,KOSPI
39,078930,GS,KOSPI
40,006360,GS건설,KOSPI
41,001250,GS글로벌,KOSPI
42,007070,GS리테일,KOSPI
43,078935,GS우,KOSPI
44,012630,HDC,KOSPI
45,039570,HDC랩스,KOSPI
46,089470,HDC현대EP,KOSPI
47,294870,HDC현대산업개발,KOSPI
48,009540,HD한국조선해양,KOSPI
49,267250,HD현대,KOSPI
50,267270,HD현대건설기계,KOSPI
51,443060,HD현대마린솔루션,KOSPI
52,010620,HD현대미포,KOSPI
53,322000,HD현대에너지솔루션,KOSPI
54,042670,HD현대인프라코어,KOSPI
55,267260,HD현대일렉트릭,KOSPI
56,329180,HD현대중공업,KOSPI
57,097230,HJ중공업,KOSPI
58,014790,HL D&I,KOSPI
59,003580,HLB글로벌,KOSPI
60,204320,HL만도,KOSPI
61,060980,HL홀딩스,KOSPI
62,011200,HMM,KOSPI
63,035000,HS애드,KOSPI
64,003560,IHQ,KOSPI
65,175330,JB금융지주,KOSPI
66,234080,JW생명과학,KOSPI
67,001060,JW중외제약,KOSPI
68,001067,JW중외제약2우B,KOSPI
69,001065,JW중외제약우,KOSPI
70,096760,JW홀딩스,KOSPI
71,105560,KB금융,KOSPI
72,432320,KB스타리츠,KOSPI
73,002380,KCC,KOSPI
74,344820,KCC글라스,KOSPI
75,009070,KCTC,KOSPI
76,009440,KC그린홀딩스,KOSPI
77,119650,KC코트렐,KOSPI
78,092220,KEC,KOSPI
79,003620,KG모빌리티,KOSPI
80,016380,KG스틸,KOSPI
81,001390,KG케미칼,KOSPI
82,033180,KH 필룩스,KOSPI
83,015590,KIB플러그에너지,KOSPI
84,001940,KISCO홀딩스,KOSPI
85,025000,KPX케미칼,KOSPI
86,092230,KPX홀딩스,KOSPI
87,000040,KR모터스,KOSPI
88,044450,KSS해운,KOSPI
89,030200,KT,KOSPI
90,033780,KT&G,KOSPI
91,058850,KTcs,KOSPI
92,058860,KTis,KOSPI
93,093050,LF,KOSPI
94,003550,LG,KOSPI
95,034220,LG디스플레이,KOSPI
96,051900,LG생활건강,KOSPI
97,051905,LG생활건강우,KOSPI
98,373220,LG에너지솔루션,KOSPI
99,003555,LG우,KOSPI
100,032640,LG유플러스,KOSPI
101,011070,LG이노텍,KOSPI
102,066570,LG전자,KOSPI
103,066575,LG전자우,KOSPI
104,037560,LG헬로비전,KOSPI
105,051910,LG화학,KOSPI
106,051915,LG화학우,KOSPI
107,079550,LIG넥스원,KOSPI
108,006260,LS,KOSPI
109,010120,LS ELECTRIC,KOSPI
110,000680,LS네트웍스,KOSPI
111,229640,LS에코에너지,KOSPI
112,108320,LX세미콘,KOSPI
113,001120,LX인터내셔널,KOSPI
114,108670,LX하우시스,KOSPI
115,108675,LX하우시스우,KOSPI
116,383800,LX홀딩스,KOSPI
117,38380K,LX홀딩스1우,KOSPI
118,023150,MH에탄올,KOSPI
119,035420,NAVER,KOSPI
120,181710,NHN,KOSPI
121,400760,NH올원리츠,KOSPI
122,005940,NH투자증권,KOSPI
123,005945,NH투자증권우,KOSPI
124,338100,NH프라임리츠,KOSPI
125,034310,NICE,KOSPI
126,030190,NICE평가정보,KOSPI
127,008260,NI스틸,KOSPI
128,004250,NPC,KOSPI
129,004255,NPC우,KOSPI
130,456040,OCI,KOSPI
131,010060,OCI홀딩스,KOSPI
132,178920,PI첨단소재,KOSPI
133,005490,POSCO홀딩스,KOSPI
134,010950,S-Oil,KOSPI
135,010955,S-Oil우,KOSPI
136,034120,SBS,KOSPI
137,005090,SGC에너지,KOSPI
138,001380,SG글로벌,KOSPI
139,004060,SG세계물산,KOSPI
140,001770,SHD,KOSPI
141,002360,SH에너지화학,KOSPI
142,009160,SIMPAC,KOSPI
143,123700,SJM,KOSPI
144,025530,SJM홀딩스,KOSPI
145,034730,SK,KOSPI
146,011790,SKC,KOSPI
147,018670,SK가스,KOSPI
148,001740,SK네트웍스,KOSPI
149,006120,SK디스커버리,KOSPI
150,006125,SK디스커버리우,KOSPI
151,210980,SK디앤디,KOSPI
152,395400,SK리츠,KOSPI
153,302440,SK바이오사이언스,KOSPI
154,326030,SK바이오팜,KOSPI
155,402340,SK스퀘어,KOSPI
156,361610,SK아이이테크놀로지,KOSPI
157,100090,SK오션플랜트,KOSPI
158,03473K,SK우,KOSPI
159,096770,SK이노베이션,KOSPI
160,096775,SK이노베이션우,KOSPI
161,475150,SK이터닉스,KOSPI
162,001510,SK증권,KOSPI
163,001515,SK증권우,KOSPI
164,285130,SK케미칼,KOSPI
165,28513K,SK케미칼우,KOSPI
166,017670,SK텔레콤,KOSPI
167,000660,SK하이닉스,KOSPI
168,003570,SNT다이내믹스,KOSPI
169,064960,SNT모티브,KOSPI
170,100840,SNT에너지,KOSPI
171,036530,SNT홀딩스,KOSPI
172,005610,SPC삼립,KOSPI
173,011810,STX,KOSPI
174,465770,STX그린로지스,KOSPI
175,077970,STX엔진,KOSPI
176,071970,STX중공업,KOSPI
177,002820,SUN&L,KOSPI
178,084870,TBH글로벌,KOSPI
179,002710,TCC스틸,KOSPI
180,069260,TKG휴켐스,KOSPI
181,007980,TP,KOSPI
182,002900,TYM,KOSPI
183,024070,WISCOM,KOSPI
184,037270,YG PLUS,KOSPI
185,000500,가온전선,KOSPI
186,000860,강남제비스코,KOSPI
187,035250,강원랜드,KOSPI
188,011420,갤럭시아에스엠,KOSPI
189,002100,경농,KOSPI
190,009450,경동나비엔,KOSPI
191,267290,경동도시가스,KOSPI
192,012320,경동인베스트,KOSPI
193,000050,경방,KOSPI
194,214390,경보제약,KOSPI
195,012610,경인양행,KOSPI
196,009140,경인전자,KOSPI
197,013580,계룡건설,KOSPI
198,012200,계양전기,KOSPI
199,012205,계양전기우,KOSPI
200,002140,고려산업,KOSPI
201,010130,고려아연,KOSPI
202,002240,고려제강,KOSPI
203,009290,광동제약,KOSPI
204,017040,광명전기,KOSPI
205,017900,광전자,KOSPI
206,037710,광주신세계,KOSPI
207,030610,교보증권,KOSPI
208,339770,교촌에프앤비,KOSPI
209,007690,국도화학,KOSPI
210,005320,국동,KOSPI
211,001140,국보,KOSPI
212,002720,국제약품,KOSPI
213,083420,그린케미칼,KOSPI
214,014530,극동유화,KOSPI
215,014280,금강공업,KOSPI
216,014285,금강공업우,KOSPI
217,008870,금비,KOSPI
218,001570,금양,KOSPI
219,002990,금호건설,KOSPI
220,002995,금호건설우,KOSPI
221,011780,금호석유,KOSPI
222,011785,금호석유우,KOSPI
223,214330,금호에이치티,KOSPI
224,001210,금호전기,KOSPI
225,073240,금호타이어,KOSPI
226,092440,기신정기,KOSPI
227,000270,기아,KOSPI
228,024110,기업은행,KOSPI
229,013700,까뮤이앤씨,KOSPI
230,004540,깨끗한나라,KOSPI
231,004545,깨끗한나라우,KOSPI
232,001260,남광토건,KOSPI
233,008350,남선알미늄,KOSPI
234,008355,남선알미우,KOSPI
235,004270,남성,KOSPI
236,003920,남양유업,KOSPI
237,003925,남양유업우,KOSPI
238,025860,남해화학,KOSPI
239,005720,넥센,KOSPI
240,005725,넥센우,KOSPI
241,002350,넥센타이어,KOSPI
242,002355,넥센타이어1우B,KOSPI
243,092790,넥스틸,KOSPI
244,251270,넷마블,KOSPI
245,090350,노루페인트,KOSPI
246,090355,노루페인트우,KOSPI
247,000320,노루홀딩스,KOSPI
248,000325,노루홀딩스우,KOSPI
249,006280,녹십자,KOSPI
250,005250,녹십자홀딩스,KOSPI
251,005257,녹십자홀딩스2우,KOSPI
252,004370,농심,KOSPI
253,072710,농심홀딩스,KOSPI
254,058730,다스코,KOSPI
255,030210,다올투자증권,KOSPI
256,023590,다우기술,KOSPI
257,145210,다이나믹디자인,KOSPI
258,019680,대교,KOSPI
259,019685,대교우B,KOSPI
260,006370,대구백화점,KOSPI
261,008060,대덕,KOSPI
262,00806K,대덕1우,KOSPI
263,353200,대덕전자,KOSPI
264,35320K,대덕전자1우,KOSPI
265,000490,대동,KOSPI
266,008110,대동전자,KOSPI
267,005750,대림B&Co,KOSPI
268,006570,대림통상,KOSPI
269,001680,대상,KOSPI
270,001685,대상우,KOSPI
271,084690,대상홀딩스,KOSPI
272,084695,대상홀딩스우,KOSPI
273,128820,대성산업,KOSPI
274,117580,대성에너지,KOSPI
275,016710,대성홀딩스,KOSPI
276,003540,대신증권,KOSPI
277,003547,대신증권2우B,KOSPI
278,003545,대신증권우,KOSPI
279,009190,대양금속,KOSPI
280,014160,대영포장,KOSPI
281,047040,대우건설,KOSPI
282,009320,대우부품,KOSPI
283,003090,대웅,KOSPI
284,069620,대웅제약,KOSPI
285,000430,대원강업,KOSPI
286,006340,대원전선,KOSPI
287,006345,대원전선우,KOSPI
288,003220,대원제약,KOSPI
289,024890,대원화성,KOSPI
290,002880,대유에이텍,KOSPI
291,000300,대유플러스,KOSPI
292,012800,대창,KOSPI
293,015230,대창단조,KOSPI
294,001070,대한방직,KOSPI
295,006650,대한유화,KOSPI
296,001440,대한전선,KOSPI
297,084010,대한제강,KOSPI
298,001790,대한제당,KOSPI
299,001795,대한제당우,KOSPI
300,001130,대한제분,KOSPI
301,003490,대한항공,KOSPI
302,003495,대한항공우,KOSPI
303,005880,대한해운,KOSPI
304,003830,대한화섬,KOSPI
305,016090,대현,KOSPI
306,069460,대호에이엘,KOSPI
307,192080,더블유게임즈,KOSPI
308,012510,더존비즈온,KOSPI
309,004830,덕성,KOSPI
310,004835,덕성우,KOSPI
311,024900,덕양산업,KOSPI
312,145720,덴티움,KOSPI
313,002150,도화엔지니어링,KOSPI
314,460850,동국씨엠,KOSPI
315,460860,동국제강,KOSPI
316,001230,동국홀딩스,KOSPI
317,023450,동남합성,KOSPI
318,004140,동방,KOSPI
319,007590,동방아그로,KOSPI
320,005960,동부건설,KOSPI
321,005965,동부건설우,KOSPI
322,026960,동서,KOSPI
323,002210,동성제약,KOSPI
324,102260,동성케미컬,KOSPI
325,000640,동아쏘시오홀딩스,KOSPI
326,170900,동아에스티,KOSPI
327,028100,동아지질,KOSPI
328,282690,동아타이어,KOSPI
329,001520,동양,KOSPI
330,001527,동양2우B,KOSPI
331,084670,동양고속,KOSPI
332,082640,동양생명,KOSPI
333,001525,동양우,KOSPI
334,008970,동양철관,KOSPI
335,092780,동양피스톤,KOSPI
336,049770,동원F&B,KOSPI
337,018500,동원금속,KOSPI
338,006040,동원산업,KOSPI
339,030720,동원수산,KOSPI
340,014820,동원시스템즈,KOSPI
341,014825,동원시스템즈우,KOSPI
342,111380,동인기연,KOSPI
343,163560,동일고무벨트,KOSPI
344,004890,동일산업,KOSPI
345,002690,동일제강,KOSPI
346,000020,동화약품,KOSPI
347,000150,두산,KOSPI
348,000157,두산2우B,KOSPI
349,454910,두산로보틱스,KOSPI
350,241560,두산밥캣,KOSPI
351,034020,두산에너빌리티,KOSPI
352,000155,두산우,KOSPI
353,336260,두산퓨얼셀,KOSPI
354,33626K,두산퓨얼셀1우,KOSPI
355,33626L,두산퓨얼셀2우B,KOSPI
356,016740,두올,KOSPI
357,192650,드림텍,KOSPI
358,024090,디씨엠,KOSPI
359,003160,디아이,KOSPI
360,092200,디아이씨,KOSPI
361,377190,디앤디플랫폼리츠,KOSPI
362,013570,디와이,KOSPI
363,210540,디와이파워,KOSPI
364,115390,락앤락,KOSPI
365,032350,롯데관광개발,KOSPI
366,089860,롯데렌탈,KOSPI
367,330590,롯데리츠,KOSPI
368,000400,롯데손해보험,KOSPI
369,023530,롯데쇼핑,KOSPI
370,020150,롯데에너지머티리얼즈,KOSPI
371,280360,롯데웰푸드,KOSPI
372,286940,롯데이노베이트,KOSPI
373,004000,롯데정밀화학,KOSPI
374,004990,롯데지주,KOSPI
375,00499K,롯데지주우,KOSPI
376,005300,롯데칠성,KOSPI
377,005305,롯데칠성우,KOSPI
378,011170,롯데케미칼,KOSPI
379,071840,롯데하이마트,KOSPI
380,027740,마니커,KOSPI
381,357430,마스턴프리미어리츠,KOSPI
382,001080,만호제강,KOSPI
383,088980,맥쿼리인프라,KOSPI
384,094800,맵스리얼티1,KOSPI
385,138040,메리츠금융지주,KOSPI
386,090370,메타랩스,KOSPI
387,017180,명문제약,KOSPI
388,009900,명신산업,KOSPI
389,012690,모나리자,KOSPI
390,005360,모나미,KOSPI
391,009680,모토닉,KOSPI
392,009580,무림P&P,KOSPI
393,009200,무림페이퍼,KOSPI
394,033920,무학,KOSPI
395,008420,문배철강,KOSPI
396,025560,미래산업,KOSPI
397,007120,미래아이앤지,KOSPI
398,396690,미래에셋글로벌리츠,KOSPI
399,357250,미래에셋맵스리츠,KOSPI
400,085620,미래에셋생명,KOSPI
401,006800,미래에셋증권,KOSPI
402,00680K,미래에셋증권2우B,KOSPI
403,006805,미래에셋증권우,KOSPI
404,002840,미원상사,KOSPI
405,268280,미원에스씨,KOSPI
406,107590,미원홀딩스,KOSPI
407,134380,미원화학,KOSPI
408,003650,미창석유,KOSPI
409,377740,바이오노트,KOSPI
410,003610,방림,KOSPI
411,001340,백광산업,KOSPI
412,035150,백산,KOSPI
413,002410,범양건영,KOSPI
414,007210,벽산,KOSPI
415,002760,보락,KOSPI
416,003850,보령,KOSPI
417,000890,보해양조,KOSPI
418,003000,부광약품,KOSPI
419,001270,부국증권,KOSPI
420,001275,부국증권우,KOSPI
421,026940,부국철강,KOSPI
422,011390,부산산업,KOSPI
423,005030,부산주공,KOSPI
424,002070,비비안,KOSPI
425,100220,비상교육,KOSPI
426,090460,비에이치,KOSPI
427,005180,빙그레,KOSPI
428,003960,사조대림,KOSPI
429,008040,사조동아원,KOSPI
430,007160,사조산업,KOSPI
431,014710,사조씨푸드,KOSPI
432,006090,사조오양,KOSPI
433,001470,삼부토건,KOSPI
434,028050,삼성E&A,KOSPI
435,448730,삼성FN리츠,KOSPI
436,006400,삼성SDI,KOSPI
437,006405,삼성SDI우,KOSPI
438,006660,삼성공조,KOSPI
439,028260,삼성물산,KOSPI
440,02826K,삼성물산우B,KOSPI
441,207940,삼성바이오로직스,KOSPI
442,032830,삼성생명,KOSPI
443,018260,삼성에스디에스,KOSPI
444,009150,삼성전기,KOSPI
445,009155,삼성전기우,KOSPI
446,005930,삼성전자,KOSPI
447,005935,삼성전자우,KOSPI
448,001360,삼성제약,KOSPI
449,010140,삼성중공업,KOSPI
450,016360,삼성증권,KOSPI
451,068290,삼성출판사,KOSPI
452,029780,삼성카드,KOSPI
453,000810,삼성화재,KOSPI
454,000815,삼성화재우,KOSPI
455,006110,삼아알미늄,KOSPI
456,145990,삼양사,KOSPI
457,145995,삼양사우,KOSPI
458,003230,삼양식품,KOSPI
459,002170,삼양통상,KOSPI
460,272550,삼양패키징,KOSPI
461,000070,삼양홀딩스,KOSPI
462,000075,삼양홀딩스우,KOSPI
463,003720,삼영,KOSPI
464,002810,삼영무역,KOSPI
465,005680,삼영전자,KOSPI
466,023000,삼원강재,KOSPI
467,004380,삼익THK,KOSPI
468,002450,삼익악기,KOSPI
469,004440,삼일씨엔에스,KOSPI
470,000520,삼일제약,KOSPI
471,009770,삼정펄프,KOSPI
472,005500,삼진제약,KOSPI
473,004690,삼천리,KOSPI
474,010960,삼호개발,KOSPI
475,004450,삼화왕관,KOSPI
476,009470,삼화전기,KOSPI
477,011230,삼화전자,KOSPI
478,001820,삼화콘덴서,KOSPI
479,000390,삼화페인트,KOSPI
480,001290,상상인증권,KOSPI
481,041650,상신브레이크,KOSPI
482,075180,새론오토모티브,KOSPI
483,007540,샘표,KOSPI
484,248170,샘표식품,KOSPI
485,007860,서연,KOSPI
486,200880,서연이화,KOSPI
487,017390,서울가스,KOSPI
488,004410,서울식품,KOSPI
489,004415,서울식품우,KOSPI
490,021050,서원,KOSPI
491,008490,서흥,KOSPI
492,007610,선도전기,KOSPI
493,136490,선진,KOSPI
494,014910,성문전자,KOSPI
495,014915,성문전자우,KOSPI
496,003080,성보화학,KOSPI
497,004980,성신양회,KOSPI
498,004985,성신양회우,KOSPI
499,011300,성안머티리얼스,KOSPI
500,000180,성창기업지주,KOSPI
501,002420,세기상사,KOSPI
502,004360,세방,KOSPI
503,004365,세방우,KOSPI
504,004490,세방전지,KOSPI
505,001430,세아베스틸지주,KOSPI
506,306200,세아제강,KOSPI
507,003030,세아제강지주,KOSPI
508,019440,세아특수강,KOSPI
509,058650,세아홀딩스,KOSPI
510,013000,세우글로벌,KOSPI
511,091090,세원이앤씨,KOSPI
512,021820,세원정공,KOSPI
513,067830,세이브존I&C,KOSPI
514,075580,세진중공업,KOSPI
515,068270,셀트리온,KOSPI
516,336370,솔루스첨단소재,KOSPI
517,33637K,솔루스첨단소재1우,KOSPI
518,33637L,솔루스첨단소재2우B,KOSPI
519,248070,솔루엠,KOSPI
520,004430,송원산업,KOSPI
521,126720,수산인더스트리,KOSPI
522,017550,수산중공업,KOSPI
523,053210,스카이라이프,KOSPI
524,204210,스타리츠,KOSPI
525,026890,스틱인베스트먼트,KOSPI
526,134790,시디즈,KOSPI
527,016590,신대양제지,KOSPI
528,029530,신도리코,KOSPI
529,004970,신라교역,KOSPI
530,011930,신성이엔지,KOSPI
531,005390,신성통상,KOSPI
532,004170,신세계,KOSPI
533,035510,신세계 I&C,KOSPI
534,034300,신세계건설,KOSPI
535,031430,신세계인터내셔날,KOSPI
536,031440,신세계푸드,KOSPI
537,006880,신송홀딩스,KOSPI
538,005800,신영와코루,KOSPI
539,001720,신영증권,KOSPI
540,009270,신원,KOSPI
541,002700,신일전자,KOSPI
542,002870,신풍,KOSPI
543,019170,신풍제약,KOSPI
544,019175,신풍제약우,KOSPI
545,404990,신한서부티엔디리츠,KOSPI
546,293940,신한알파리츠,KOSPI
547,055550,신한지주,KOSPI
548,004080,신흥,KOSPI
549,102280,쌍방울,KOSPI
550,003410,쌍용C&E,KOSPI
551,004770,써니전자,KOSPI
552,403550,쏘카,KOSPI
553,004920,씨아이테크,KOSPI
554,112610,씨에스윈드,KOSPI
555,308170,씨티알모빌리티,KOSPI
556,008700,아남전자,KOSPI
557,002790,아모레G,KOSPI
558,00279K,아모레G3우(전환),KOSPI
559,002795,아모레G우,KOSPI
560,090430,아모레퍼시픽,KOSPI
561,090435,아모레퍼시픽우,KOSPI
562,002030,아세아,KOSPI
563,183190,아세아시멘트,KOSPI
564,002310,아세아제지,KOSPI
565,012170,아센디오,KOSPI
566,267850,아시아나IDT,KOSPI
567,020560,아시아나항공,KOSPI
568,122900,아이마켓코리아,KOSPI
569,010780,아이에스동서,KOSPI
570,139990,아주스틸,KOSPI
571,001780,알루코,KOSPI
572,018250,애경산업,KOSPI
573,161000,애경케미칼,KOSPI
574,011090,에넥스,KOSPI
575,137310,에스디바이오센서,KOSPI
576,118000,에스메디,KOSPI
577,005850,에스엘,KOSPI
578,010580,에스엠벡셀,KOSPI
579,012750,에스원,KOSPI
580,033530,에스제이지세종,KOSPI
581,023960,에쓰씨엔지니어링,KOSPI
582,298690,에어부산,KOSPI
583,140910,에이리츠,KOSPI
584,078520,에이블씨엔씨,KOSPI
585,015260,에이엔피,KOSPI
586,007460,에이프로젠,KOSPI
587,003060,에이프로젠바이오로직스,KOSPI
588,244920,에이플러스에셋,KOSPI
589,278470,에이피알,KOSPI
590,450080,에코프로머티,KOSPI
591,036570,엔씨소프트,KOSPI
592,085310,엔케이,KOSPI
593,900140,엘브이엠씨홀딩스,KOSPI
594,066970,엘앤에프,KOSPI
595,097520,엠씨넥스,KOSPI
596,014440,영보화학,KOSPI
597,111770,영원무역,KOSPI
598,009970,영원무역홀딩스,KOSPI
599,003520,영진약품,KOSPI
600,000670,영풍,KOSPI
601,006740,영풍제지,KOSPI
602,012280,영화금속,KOSPI
603,012160,영흥,KOSPI
604,015360,예스코홀딩스,KOSPI
605,007310,오뚜기,KOSPI
606,002630,오리엔트바이오,KOSPI
607,271560,오리온,KOSPI
608,001800,오리온홀딩스,KOSPI
609,011690,와이투솔루션,KOSPI
610,070960,용평리조트,KOSPI
611,316140,우리금융지주,KOSPI
612,006980,우성,KOSPI
613,017370,우신시스템,KOSPI
614,105840,우진,KOSPI
615,010400,우진아이엔에스,KOSPI
616,049800,우진플라임,KOSPI
617,016880,웅진,KOSPI
618,095720,웅진씽크빅,KOSPI
619,005820,원림,KOSPI
620,010600,웰바이오텍,KOSPI
621,008600,윌비스,KOSPI
622,033270,유나이티드제약,KOSPI
623,014830,유니드,KOSPI
624,446070,유니드비티플러스,KOSPI
625,000910,유니온,KOSPI
626,047400,유니온머티리얼,KOSPI
627,011330,유니켐,KOSPI
628,077500,유니퀘스트,KOSPI
629,002920,유성기업,KOSPI
630,000700,유수홀딩스,KOSPI
631,003470,유안타증권,KOSPI
632,003475,유안타증권우,KOSPI
633,072130,유엔젤,KOSPI
634,000220,유유제약,KOSPI
635,000225,유유제약1우,KOSPI
636,000227,유유제약2우B,KOSPI
637,001200,유진투자증권,KOSPI
638,000100,유한양행,KOSPI
639,000105,유한양행우,KOSPI
640,003460,유화증권,KOSPI
641,003465,유화증권우,KOSPI
642,008730,율촌화학,KOSPI
643,008250,이건산업,KOSPI
644,025820,이구산업,KOSPI
645,214320,이노션,KOSPI
646,088260,이리츠코크렙,KOSPI
647,139480,이마트,KOSPI
648,457190,이수스페셜티케미컬,KOSPI
649,007660,이수페타시스,KOSPI
650,005950,이수화학,KOSPI
651,015020,이스타코,KOSPI
652,093230,이아이디,KOSPI
653,074610,이엔플러스,KOSPI
654,102460,이연제약,KOSPI
655,084680,이월드,KOSPI
656,350520,이지스레지던스리츠,KOSPI
657,334890,이지스밸류리츠,KOSPI
658,000760,이화산업,KOSPI
659,014990,인디에프,KOSPI
660,101140,인바이오젠,KOSPI
661,006490,인스코비,KOSPI
662,023800,인지컨트롤스,KOSPI
663,034590,인천도시가스,KOSPI
664,129260,인터지스,KOSPI
665,023810,인팩,KOSPI
666,249420,일동제약,KOSPI
667,000230,일동홀딩스,KOSPI
668,013360,일성건설,KOSPI
669,003120,일성아이에스,KOSPI
670,003200,일신방직,KOSPI
671,007110,일신석재,KOSPI
672,007570,일양약품,KOSPI
673,007575,일양약품우,KOSPI
674,008500,일정실업,KOSPI
675,081000,일진다이아,KOSPI
676,020760,일진디스플,KOSPI
677,103590,일진전기,KOSPI
678,271940,일진하이솔루스,KOSPI
679,015860,일진홀딩스,KOSPI
680,226320,잇츠한불,KOSPI
681,317400,자이에스앤디,KOSPI
682,033240,자화전자,KOSPI
683,000950,전방,KOSPI
684,348950,제이알글로벌리츠,KOSPI
685,194370,제이에스코퍼레이션,KOSPI
686,025620,제이준코스메틱,KOSPI
687,030000,제일기획,KOSPI
688,271980,제일약품,KOSPI
689,001560,제일연마,KOSPI
690,002620,제일파마홀딩스,KOSPI
691,006220,제주은행,KOSPI
692,089590,제주항공,KOSPI
693,004910,조광페인트,KOSPI
694,004700,조광피혁,KOSPI
695,001550,조비,KOSPI
696,462520,조선내화,KOSPI
697,120030,조선선재,KOSPI
698,018470,조일알미늄,KOSPI
699,002600,조흥,KOSPI
700,185750,종근당,KOSPI
701,063160,종근당바이오,KOSPI
702,001630,종근당홀딩스,KOSPI
703,109070,주성코퍼레이션,KOSPI
704,044380,주연테크,KOSPI
705,013890,지누스,KOSPI
706,013870,지엠비코리아,KOSPI
707,071320,지역난방공사,KOSPI
708,088790,진도,KOSPI
709,003780,진양산업,KOSPI
710,010640,진양폴리,KOSPI
711,100250,진양홀딩스,KOSPI
712,051630,진양화학,KOSPI
713,272450,진에어,KOSPI
714,011000,진원생명과학,KOSPI
715,002780,진흥기업,KOSPI
716,002787,진흥기업2우B,KOSPI
717,002785,진흥기업우B,KOSPI
718,009310,참엔지니어링,KOSPI
719,000650,천일고속,KOSPI
720,012600,청호ICT,KOSPI
721,033250,체시스,KOSPI
722,035720,카카오,KOSPI
723,323410,카카오뱅크,KOSPI
724,377300,카카오페이,KOSPI
725,006380,카프로,KOSPI
726,001620,케이비아이동국실업,KOSPI
727,029460,케이씨,KOSPI
728,281820,케이씨텍,KOSPI
729,381970,케이카,KOSPI
730,145270,케이탑리츠,KOSPI
731,417310,코람코더원리츠,KOSPI
732,357120,코람코라이프인프라리츠,KOSPI
733,007815,코리아써우,KOSPI
734,007810,코리아써키트,KOSPI
735,00781K,코리아써키트2우B,KOSPI
736,003690,코리안리,KOSPI
737,192820,코스맥스,KOSPI
738,044820,코스맥스비티아이,KOSPI
739,005070,코스모신소재,KOSPI
740,005420,코스모화학,KOSPI
741,071950,코아스,KOSPI
742,002020,코오롱,KOSPI
743,138490,코오롱ENP,KOSPI
744,003070,코오롱글로벌,KOSPI
745,003075,코오롱글로벌우,KOSPI
746,450140,코오롱모빌리티그룹,KOSPI
747,45014K,코오롱모빌리티그룹우,KOSPI
748,002025,코오롱우,KOSPI
749,120110,코오롱인더,KOSPI
750,120115,코오롱인더우,KOSPI
751,021240,코웨이,KOSPI
752,036420,콘텐트리중앙,KOSPI
753,024720,콜마홀딩스,KOSPI
754,031820,콤텍시스템,KOSPI
755,192400,쿠쿠홀딩스,KOSPI
756,284740,쿠쿠홈시스,KOSPI
757,264900,크라운제과,KOSPI
758,26490K,크라운제과우,KOSPI
759,005740,크라운해태홀딩스,KOSPI
760,005745,크라운해태홀딩스우,KOSPI
761,259960,크래프톤,KOSPI
762,020120,키다리스튜디오,KOSPI
763,039490,키움증권,KOSPI
764,014580,태경비케이,KOSPI
765,015890,태경산업,KOSPI
766,006890,태경케미컬,KOSPI
767,003240,태광산업,KOSPI
768,011280,태림포장,KOSPI
769,004100,태양금속,KOSPI
770,004105,태양금속우,KOSPI
771,009410,태영건설,KOSPI
772,009415,태영건설우,KOSPI
773,001420,태원물산,KOSPI
774,055490,테이팩스,KOSPI
775,078000,텔코웨어,KOSPI
776,214420,토니모리,KOSPI
777,019180,티에이치엔,KOSPI
778,363280,티와이홀딩스,KOSPI
779,36328K,티와이홀딩스우,KOSPI
780,091810,티웨이항공,KOSPI
781,004870,티웨이홀딩스,KOSPI
782,005690,파미셀,KOSPI
783,036580,팜스코,KOSPI
784,004720,팜젠사이언스,KOSPI
785,028670,팬오션,KOSPI
786,010820,퍼스텍,KOSPI
787,016800,퍼시스,KOSPI
788,001020,페이퍼코리아,KOSPI
789,090080,평화산업,KOSPI
790,010770,평화홀딩스,KOSPI
791,022100,포스코DX,KOSPI
792,058430,포스코스틸리온,KOSPI
793,047050,포스코인터내셔널,KOSPI
794,003670,포스코퓨처엠,KOSPI
795,017810,풀무원,KOSPI
796,103140,풍산,KOSPI
797,005810,풍산홀딩스,KOSPI
798,950210,프레스티지바이오파마,KOSPI
799,009810,플레이그램,KOSPI
800,086790,하나금융지주,KOSPI
801,293480,하나제약,KOSPI
802,039130,하나투어,KOSPI
803,352820,하이브,KOSPI
804,071090,하이스틸,KOSPI
805,019490,하이트론,KOSPI
806,000080,하이트진로,KOSPI
807,000087,하이트진로2우B,KOSPI
808,000140,하이트진로홀딩스,KOSPI
809,000145,하이트진로홀딩스우,KOSPI
810,152550,한국ANKOR유전,KOSPI
811,036460,한국가스공사,KOSPI
812,005430,한국공항,KOSPI
813,071050,한국금융지주,KOSPI
814,071055,한국금융지주우,KOSPI
815,010040,한국내화,KOSPI
816,025540,한국단자,KOSPI
817,010100,한국무브넥스,KOSPI
818,004090,한국석유,KOSPI
819,002200,한국수출포장,KOSPI
820,002960,한국쉘석유,KOSPI
821,000240,한국앤컴퍼니,KOSPI
822,123890,한국자산신탁,KOSPI
823,015760,한국전력,KOSPI
824,006200,한국전자홀딩스,KOSPI
825,027970,한국제지,KOSPI
826,023350,한국종합기술,KOSPI
827,025890,한국주강,KOSPI
828,000970,한국주철관,KOSPI
829,104700,한국철강,KOSPI
830,017960,한국카본,KOSPI
831,161890,한국콜마,KOSPI
832,161390,한국타이어앤테크놀로지,KOSPI
833,034830,한국토지신탁,KOSPI
834,007280,한국특강,KOSPI
835,168490,한국패러랠,KOSPI
836,047810,한국항공우주,KOSPI
837,123690,한국화장품,KOSPI
838,003350,한국화장품제조,KOSPI
839,011500,한농화성,KOSPI
840,002390,한독,KOSPI
841,053690,한미글로벌,KOSPI
842,042700,한미반도체,KOSPI
843,008930,한미사이언스,KOSPI
844,128940,한미약품,KOSPI
845,009240,한샘,KOSPI
846,020000,한섬,KOSPI
847,003680,한성기업,KOSPI
848,105630,한세실업,KOSPI
849,069640,한세엠케이,KOSPI
850,016450,한세예스24홀딩스,KOSPI
851,010420,한솔PNS,KOSPI
852,009180,한솔로지스틱스,KOSPI
853,213500,한솔제지,KOSPI
854,014680,한솔케미칼,KOSPI
855,004710,한솔테크닉스,KOSPI
856,004150,한솔홀딩스,KOSPI
857,025750,한솔홈데코,KOSPI
858,004960,한신공영,KOSPI
859,011700,한신기계,KOSPI
860,001750,한양증권,KOSPI
861,001755,한양증권우,KOSPI
862,018880,한온시스템,KOSPI
863,009420,한올바이오파마,KOSPI
864,014130,한익스프레스,KOSPI
865,300720,한일시멘트,KOSPI
866,002220,한일철강,KOSPI
867,006390,한일현대시멘트,KOSPI
868,003300,한일홀딩스,KOSPI
869,051600,한전KPS,KOSPI
870,052690,한전기술,KOSPI
871,130660,한전산업,KOSPI
872,002320,한진,KOSPI
873,003480,한진중공업홀딩스,KOSPI
874,180640,한진칼,KOSPI
875,18064K,한진칼우,KOSPI
876,005110,한창,KOSPI
877,009460,한창제지,KOSPI
878,372910,한컴라이프케어,KOSPI
879,000880,한화,KOSPI
880,00088K,한화3우B,KOSPI
881,452260,한화갤러리아,KOSPI
882,45226K,한화갤러리아우,KOSPI
883,451800,한화리츠,KOSPI
884,088350,한화생명,KOSPI
885,000370,한화손해보험,KOSPI
886,009830,한화솔루션,KOSPI
887,009835,한화솔루션우,KOSPI
888,272210,한화시스템,KOSPI
889,012450,한화에어로스페이스,KOSPI
890,082740,한화엔진,KOSPI
891,042660,한화오션,KOSPI
892,000885,한화우,KOSPI
893,003530,한화투자증권,KOSPI
894,003535,한화투자증권우,KOSPI
895,195870,해성디에스,KOSPI
896,101530,해태제과식품,KOSPI
897,143210,핸즈코퍼레이션,KOSPI
898,000720,현대건설,KOSPI
899,000725,현대건설우,KOSPI
900,453340,현대그린푸드,KOSPI
901,086280,현대글로비스,KOSPI
902,064350,현대로템,KOSPI
903,079430,현대리바트,KOSPI
904,012330,현대모비스,KOSPI
905,069960,현대백화점,KOSPI
906,004560,현대비앤지스틸,KOSPI
907,004310,현대약품,KOSPI
908,017800,현대엘리베이,KOSPI
909,307950,현대오토에버,KOSPI
910,011210,현대위아,KOSPI
911,004020,현대제철,KOSPI
912,005440,현대지에프홀딩스,KOSPI
913,005380,현대차,KOSPI
914,005387,현대차2우B,KOSPI
915,005389,현대차3우B,KOSPI
916,005385,현대차우,KOSPI
917,001500,현대차증권,KOSPI
918,011760,현대코퍼레이션,KOSPI
919,227840,현대코퍼레이션홀딩스,KOSPI
920,126560,현대퓨처넷,KOSPI
921,001450,현대해상,KOSPI
922,057050,현대홈쇼핑,KOSPI
923,093240,형지엘리트,KOSPI
924,003010,혜인,KOSPI
925,111110,호전실업,KOSPI
926,008770,호텔신라,KOSPI
927,008775,호텔신라우,KOSPI
928,002460,화성산업,KOSPI
929,378850,화승알앤에이,KOSPI
930,241590,화승엔터프라이즈,KOSPI
931,006060,화승인더,KOSPI
932,013520,화승코퍼레이션,KOSPI
933,010690,화신,KOSPI
934,133820,화인베스틸,KOSPI
935,010660,화천기계,KOSPI
936,000850,화천기공,KOSPI
937,016580,환인제약,KOSPI
938,032560,황금에스티,KOSPI
939,004800,효성,KOSPI
940,094280,효성ITX,KOSPI
941,298040,효성중공업,KOSPI
942,298050,효성첨단소재,KOSPI
943,298020,효성티앤씨,KOSPI
944,298000,효성화학,KOSPI
945,093370,후성,KOSPI
946,081660,휠라홀딩스,KOSPI
947,005870,휴니드,KOSPI
948,079980,휴비스,KOSPI
949,005010,휴스틸,KOSPI
950,000540,흥국화재,KOSPI
951,000545,흥국화재우,KOSPI
952,003280,흥아해운,KOSPI
953,060310,3S,KOSDAQ
954,054620,APS,KOSDAQ
955,265520,AP시스템,KOSDAQ
956,211270,AP위성,KOSDAQ
957,109960,AP헬스케어,KOSDAQ
958,139050,BF랩스,KOSDAQ
959,126600,BGF에코머티리얼즈,KOSDAQ
960,013720,CBI,KOSDAQ
961,083790,CG인바이츠,KOSDAQ
962,035760,CJ ENM,KOSDAQ
963,311690,CJ 바이오사이언스,KOSDAQ
964,051500,CJ프레시웨이,KOSDAQ
965,058820,CMG제약,KOSDAQ
966,023460,CNH,KOSDAQ
967,056730,CNT85,KOSDAQ
968,065770,CS,KOSDAQ
969,083660,CSA 코스믹,KOSDAQ
970,456440,DB금융스팩11호,KOSDAQ
971,060900,DGP,KOSDAQ
972,290120,DH오토리드,KOSDAQ
973,025440,DH오토웨어,KOSDAQ
974,068790,DMS,KOSDAQ
975,241520,DSC인베스트먼트,KOSDAQ
976,180400,DXVX,KOSDAQ
977,245620,EDGC,KOSDAQ
978,037370,EG,KOSDAQ
979,050120,ES큐브,KOSDAQ
980,214270,FSN,KOSDAQ
981,130500,GH신소재,KOSDAQ
982,900290,GRT,KOSDAQ
983,083450,GST,KOSDAQ
984,297890,HB솔루션,KOSDAQ
985,440290,HB인베스트먼트,KOSDAQ
986,078150,HB테크놀러지,KOSDAQ
987,195940,HK이노엔,KOSDAQ
988,028300,HLB,KOSDAQ
989,278650,HLB바이오스텝,KOSDAQ
990,067630,HLB생명과학,KOSDAQ
991,024850,HLB이노베이션,KOSDAQ
992,047920,HLB제약,KOSDAQ
993,115450,HLB테라퓨틱스,KOSDAQ
994,046210,HLB파나진,KOSDAQ
995,403870,HPSP,KOSDAQ
996,036640,HRS,KOSDAQ
997,439730,IBKS제20호스팩,KOSDAQ
998,442770,IBKS제21호스팩,KOSDAQ
999,448760,IBKS제22호스팩,KOSDAQ
1000,467930,IBKS제23호스팩,KOSDAQ
1001,469480,IBKS제24호스팩,KOSDAQ
1002,095340,ISC,KOSDAQ
1003,099520,ITX-AI,KOSDAQ
1004,950170,JTC,KOSDAQ
1005,067290,JW신약,KOSDAQ
1006,035900,JYP Ent.,KOSDAQ
1007,318000,KBG,KOSDAQ
1008,024840,KBI메탈,KOSDAQ
1009,024120,KB오토시스,KOSDAQ
1010,455250,KB제25호스팩,KOSDAQ
1011,458320,KB제26호스팩,KOSDAQ
1012,464680,KB제27호스팩,KOSDAQ
1013,476470,KB제28호스팩,KOSDAQ
1014,021320,KCC건설,KOSDAQ
1015,036670,KCI,KOSDAQ
1016,044180,KD,KOSDAQ
1017,046440,KG모빌리언스,KOSDAQ
1018,151860,KG에코솔루션,KOSDAQ
1019,035600,KG이니시스,KOSDAQ
1020,226360,KH 건설,KOSDAQ
1021,111870,KH 미래물산,KOSDAQ
1022,060720,KH바텍,KOSDAQ
1023,058400,KNN,KOSDAQ
1024,122450,KX,KOSDAQ
1025,052900,KX하이텍,KOSDAQ
1026,376190,LB루셈,KOSDAQ
1027,061970,LB세미콘,KOSDAQ
1028,309960,LB인베스트먼트,KOSDAQ
1029,225190,LK삼양,KOSDAQ
1030,060370,LS마린솔루션,KOSDAQ
1031,417200,LS머트리얼즈,KOSDAQ
1032,086960,MDS테크,KOSDAQ
1033,038340,MIT,KOSDAQ
1034,160550,NEW,KOSDAQ
1035,053290,NE능률,KOSDAQ
1036,060250,NHN KCP,KOSDAQ
1037,104200,NHN벅스,KOSDAQ
1038,222160,NPX,KOSDAQ
1039,024940,PN풍년,KOSDAQ
1040,218410,RFHIC,KOSDAQ
1041,327260,RF머트리얼즈,KOSDAQ
1042,091340,S&K폴리텍,KOSDAQ
1043,419530,SAMG엔터,KOSDAQ
1044,019550,SBI인베스트먼트,KOSDAQ
1045,950110,SBI핀테크솔루션즈,KOSDAQ
1046,036120,SCI평가정보,KOSDAQ
1047,246960,SCL사이언스,KOSDAQ
1048,099220,SDN,KOSDAQ
1049,036540,SFA반도체,KOSDAQ
1050,255220,SG,KOSDAQ
1051,040610,SG&G,KOSDAQ
1052,049470,SGA,KOSDAQ
1053,184230,SGA솔루션즈,KOSDAQ
1054,016250,SGC E&C,KOSDAQ
1055,048550,SM C&C,KOSDAQ
1056,063440,SM Life Design,KOSDAQ
1057,067160,SOOP,KOSDAQ
1058,289080,SV인베스트먼트,KOSDAQ
1059,089230,THE E&M,KOSDAQ
1060,161570,THE MIDONG,KOSDAQ
1061,032540,TJ미디어,KOSDAQ
1062,022220,TKG애강,KOSDAQ
1063,048770,TPC,KOSDAQ
1064,246690,TS인베스트먼트,KOSDAQ
1065,317240,TS트릴리온,KOSDAQ
1066,057030,YBM넷,KOSDAQ
1067,040300,YTN,KOSDAQ
1068,051390,YW,KOSDAQ
1069,052220,iMBC,KOSDAQ
1070,079940,가비아,KOSDAQ
1071,078890,가온그룹,KOSDAQ
1072,399720,가온칩스,KOSDAQ
1073,036620,감성코퍼레이션,KOSDAQ
1074,217730,강스템바이오텍,KOSDAQ
1075,114190,강원에너지,KOSDAQ
1076,094480,갤럭시아머니트리,KOSDAQ
1077,039240,경남스틸,KOSDAQ
1078,053950,경남제약,KOSDAQ
1079,011040,경동제약,KOSDAQ
1080,024910,경창산업,KOSDAQ
1081,198440,고려시멘트,KOSDAQ
1082,049720,고려신용정보,KOSDAQ
1083,014570,고려제약,KOSDAQ
1084,348150,고바이오랩,KOSDAQ
1085,950190,고스트스튜디오,KOSDAQ
1086,098460,고영,KOSDAQ
1087,035290,골드앤에스,KOSDAQ
1088,900280,골든센츄리,KOSDAQ
1089,215000,골프존,KOSDAQ
1090,121440,골프존뉴딘홀딩스,KOSDAQ
1091,366030,공구우먼,KOSDAQ
1092,014200,광림,KOSDAQ
1093,029480,광무,KOSDAQ
1094,026910,광진실업,KOSDAQ
1095,421800,교보12호스팩,KOSDAQ
1096,440790,교보13호스팩,KOSDAQ
1097,456490,교보14호스팩,KOSDAQ
1098,465320,교보15호스팩,KOSDAQ
1099,053270,구영테크,KOSDAQ
1100,066620,국보디자인,KOSDAQ
1101,043650,국순당,KOSDAQ
1102,006050,국영지앤엠,KOSDAQ
1103,060480,국일신동,KOSDAQ
1104,078130,국일제지,KOSDAQ
1105,307750,국전약품,KOSDAQ
1106,035080,그래디언트,KOSDAQ
1107,204020,그리티,KOSDAQ
1108,402490,그린리소스,KOSDAQ
1109,114450,그린생명과학,KOSDAQ
1110,186230,그린플러스,KOSDAQ
1111,900070,글로벌에스엠,KOSDAQ
1112,204620,글로벌텍스프리,KOSDAQ
1113,019660,글로본,KOSDAQ
1114,053260,금강철강,KOSDAQ
1115,282720,금양그린파워,KOSDAQ
1116,036190,금화피에스시,KOSDAQ
1117,049080,기가레인,KOSDAQ
1118,420770,기가비스,KOSDAQ
1119,035460,기산텔레콤,KOSDAQ
1120,308100,까스텔바작,KOSDAQ
1121,407400,꿈비,KOSDAQ
1122,187790,나노,KOSDAQ
1123,286750,나노브릭,KOSDAQ
1124,121600,나노신소재,KOSDAQ
1125,247660,나노씨엠에스,KOSDAQ
1126,039860,나노엔텍,KOSDAQ
1127,091970,나노캠텍,KOSDAQ
1128,417010,나노팀,KOSDAQ
1129,405920,나라셀라,KOSDAQ
1130,051490,나라엠앤디,KOSDAQ
1131,137080,나래나노텍,KOSDAQ
1132,190510,나무가,KOSDAQ
1133,242040,나무기술,KOSDAQ
1134,089600,나스미디어,KOSDAQ
1135,293580,나우IB,KOSDAQ
1136,138610,나이벡,KOSDAQ
1137,130580,나이스디앤비,KOSDAQ
1138,036800,나이스정보통신,KOSDAQ
1139,267320,나인테크,KOSDAQ
1140,111710,남화산업,KOSDAQ
1141,091590,남화토건,KOSDAQ
1142,168330,내츄럴엔도텍,KOSDAQ
1143,094860,네오리진,KOSDAQ
1144,253590,네오셈,KOSDAQ
1145,212560,네오오토,KOSDAQ
1146,095660,네오위즈,KOSDAQ
1147,042420,네오위즈홀딩스,KOSDAQ
1148,950220,네오이뮨텍,KOSDAQ
1149,311390,네오크레마,KOSDAQ
1150,085910,네오티스,KOSDAQ
1151,092730,네오팜,KOSDAQ
1152,290660,네오펙트,KOSDAQ
1153,306620,네온테크,KOSDAQ
1154,153460,네이블,KOSDAQ
1155,007390,네이처셀,KOSDAQ
1156,033640,네패스,KOSDAQ
1157,330860,네패스아크,KOSDAQ
1158,089140,넥스턴바이오,KOSDAQ
1159,137940,넥스트아이,KOSDAQ
1160,396270,넥스트칩,KOSDAQ
1161,348210,넥스틴,KOSDAQ
1162,225570,넥슨게임즈,KOSDAQ
1163,217270,넵튠,KOSDAQ
1164,104620,노랑풍선,KOSDAQ
1165,194700,노바렉스,KOSDAQ
1166,285490,노바텍,KOSDAQ
1167,106520,노블엠앤비,KOSDAQ
1168,376930,노을,KOSDAQ
1169,142280,녹십자엠에스,KOSDAQ
1170,234690,녹십자웰빙,KOSDAQ
1171,065560,녹원씨엔아이,KOSDAQ
1172,054050,농우바이오,KOSDAQ
1173,069140,누리플랜,KOSDAQ
1174,040160,누리플렉스,KOSDAQ
1175,332290,누보,KOSDAQ
1176,348340,뉴로메카,KOSDAQ
1177,060260,뉴보텍,KOSDAQ
1178,123840,뉴온,KOSDAQ
1179,012340,뉴인텍,KOSDAQ
1180,214870,뉴지랩파마,KOSDAQ
1181,270870,뉴트리,KOSDAQ
1182,144960,뉴파워프라즈마,KOSDAQ
1183,085670,뉴프렉스,KOSDAQ
1184,064260,다날,KOSDAQ
1185,340360,다보링크,KOSDAQ
1186,039560,다산네트웍스,KOSDAQ
1187,154040,다산솔루에타,KOSDAQ
1188,032190,다우데이타,KOSDAQ
1189,068240,다원시스,KOSDAQ
1190,020400,대동금속,KOSDAQ
1191,008830,대동기어,KOSDAQ
1192,048470,대동스틸,KOSDAQ
1193,004780,대륙제관,KOSDAQ
1194,017650,대림제지,KOSDAQ
1195,007720,대명소노시즌,KOSDAQ
1196,389260,대명에너지,KOSDAQ
1197,317850,대모,KOSDAQ
1198,290670,대보마그네틱,KOSDAQ
1199,078140,대봉엘에스,KOSDAQ
1200,065150,대산F&B,KOSDAQ
1201,036480,대성미생물,KOSDAQ
1202,027830,대성창투,KOSDAQ
1203,104040,대성파인텍,KOSDAQ
1204,129920,대성하이텍,KOSDAQ
1205,438220,대신밸런스제13호스팩,KOSDAQ
1206,442310,대신밸런스제14호스팩,KOSDAQ
1207,457390,대신밸런스제15호스팩,KOSDAQ
1208,457630,대신밸런스제16호스팩,KOSDAQ
1209,471050,대신밸런스제17호스팩,KOSDAQ
1210,020180,대신정보통신,KOSDAQ
1211,045390,대아티아이,KOSDAQ
1212,108380,대양전기공업,KOSDAQ
1213,006580,대양제지,KOSDAQ
1214,007680,대원,KOSDAQ
1215,048910,대원미디어,KOSDAQ
1216,005710,대원산업,KOSDAQ
1217,290380,대유,KOSDAQ
1218,120240,대정화금,KOSDAQ
1219,003310,대주산업,KOSDAQ
1220,078600,대주전자재료,KOSDAQ
1221,096350,대창솔루션,KOSDAQ
1222,140520,대창스틸,KOSDAQ
1223,131220,대한과학,KOSDAQ
1224,010170,대한광통신,KOSDAQ
1225,054670,대한뉴팜,KOSDAQ
1226,023910,대한약품,KOSDAQ
1227,021040,대호특수강,KOSDAQ
1228,021045,대호특수강우,KOSDAQ
1229,067080,대화제약,KOSDAQ
1230,298540,더네이쳐홀딩스,KOSDAQ
1231,032860,더라미,KOSDAQ
1232,393890,더블유씨피,KOSDAQ
1233,299170,더블유에스아이,KOSDAQ
1234,224060,더코디,KOSDAQ
1235,043090,더테크놀로지,KOSDAQ
1236,213420,덕산네오룩스,KOSDAQ
1237,317330,덕산테코피아,KOSDAQ
1238,077360,덕산하이메탈,KOSDAQ
1239,090410,덕신이피씨,KOSDAQ
1240,263600,덕우전자,KOSDAQ
1241,194480,데브시스터즈,KOSDAQ
1242,263800,데이타솔루션,KOSDAQ
1243,206560,덱스터,KOSDAQ
1244,261200,덴티스,KOSDAQ
1245,067990,도이치모터스,KOSDAQ
1246,006620,동구바이오제약,KOSDAQ
1247,100130,동국S&C,KOSDAQ
1248,005160,동국산업,KOSDAQ
1249,075970,동국알앤에스,KOSDAQ
1250,086450,동국제약,KOSDAQ
1251,099410,동방선기,KOSDAQ
1252,033500,동성화인텍,KOSDAQ
1253,025950,동신건설,KOSDAQ
1254,088130,동아엘텍,KOSDAQ
1255,041930,동아화성,KOSDAQ
1256,060380,동양에스텍,KOSDAQ
1257,079960,동양이엔피,KOSDAQ
1258,228340,동양파일,KOSDAQ
1259,088910,동우팜투테이블,KOSDAQ
1260,094170,동운아나텍,KOSDAQ
1261,013120,동원개발,KOSDAQ
1262,109860,동일금속,KOSDAQ
1263,032960,동일기연,KOSDAQ
1264,023790,동일철강,KOSDAQ
1265,005290,동진쎄미켐,KOSDAQ
1266,025900,동화기업,KOSDAQ
1267,131970,두산테스나,KOSDAQ
1268,073190,듀오백,KOSDAQ
1269,030350,드래곤플라이,KOSDAQ
1270,203650,드림시큐리티,KOSDAQ
1271,223250,드림씨아이에스,KOSDAQ
1272,060570,드림어스컴퍼니,KOSDAQ
1273,362990,드림인사이트,KOSDAQ
1274,217620,디딤이앤에프,KOSDAQ
1275,016670,디모아,KOSDAQ
1276,187870,디바이스이엔지,KOSDAQ
1277,110990,디아이티,KOSDAQ
1278,263690,디알젬,KOSDAQ
1279,214680,디알텍,KOSDAQ
1280,347850,디앤디파마텍,KOSDAQ
1281,263720,디앤씨미디어,KOSDAQ
1282,376300,디어유,KOSDAQ
1283,109740,디에스케이,KOSDAQ
1284,196490,디에이테크놀로지,KOSDAQ
1285,066900,디에이피,KOSDAQ
1286,127120,디엔에이링크,KOSDAQ
1287,092070,디엔에프,KOSDAQ
1288,039840,디오,KOSDAQ
1289,219550,디와이디,KOSDAQ
1290,310870,디와이씨,KOSDAQ
1291,104460,디와이피엔에프,KOSDAQ
1292,079810,디이엔티,KOSDAQ
1293,113810,디젠스,KOSDAQ
1294,043360,디지아이,KOSDAQ
1295,197140,디지캡,KOSDAQ
1296,068930,디지털대성,KOSDAQ
1297,033130,디지틀조선,KOSDAQ
1298,105740,디케이락,KOSDAQ
1299,263020,디케이앤디,KOSDAQ
1300,290550,디케이티,KOSDAQ
1301,066670,디티씨,KOSDAQ
1302,187220,디티앤씨,KOSDAQ
1303,383930,디티앤씨알오,KOSDAQ
1304,131180,딜리,KOSDAQ
1305,315640,딥노이드,KOSDAQ
1306,223310,딥마인드,KOSDAQ
1307,317120,라닉스,KOSDAQ
1308,042510,라온시큐어,KOSDAQ
1309,232680,라온테크,KOSDAQ
1310,418420,라온텍,KOSDAQ
1311,300120,라온피플,KOSDAQ
1312,171120,라이온켐텍,KOSDAQ
1313,388790,라이콤,KOSDAQ
1314,347700,라이프시맨틱스,KOSDAQ
1315,214260,라파스,KOSDAQ
1316,200350,래몽래인,KOSDAQ
1317,171010,램테크놀러지,KOSDAQ
1318,084650,랩지노믹스,KOSDAQ
1319,217500,러셀,KOSDAQ
1320,038390,레드캡투어,KOSDAQ
1321,294140,레몬,KOSDAQ
1322,443250,레뷰코퍼레이션,KOSDAQ
1323,228670,레이,KOSDAQ
1324,228850,레이언스,KOSDAQ
1325,412350,레이저쎌,KOSDAQ
1326,199550,레이저옵텍,KOSDAQ
1327,281740,레이크머티리얼즈,KOSDAQ
1328,277810,레인보우로보틱스,KOSDAQ
1329,215100,로보로보,KOSDAQ
1330,090360,로보스타,KOSDAQ
1331,108490,로보티즈,KOSDAQ
1332,900260,로스웰,KOSDAQ
1333,067730,로지시스,KOSDAQ
1334,071280,로체시스템즈,KOSDAQ
1335,328130,루닛,KOSDAQ
1336,038060,루멘스,KOSDAQ
1337,060240,룽투코리아,KOSDAQ
1338,141080,리가켐바이오,KOSDAQ
1339,058470,리노공업,KOSDAQ
1340,016100,리더스코스메틱,KOSDAQ
1341,012700,리드코프,KOSDAQ
1342,302550,리메드,KOSDAQ
1343,073570,리튬포어스,KOSDAQ
1344,377450,리파인,KOSDAQ
1345,277070,린드먼아시아,KOSDAQ
1346,042500,링네트,KOSDAQ
1347,193250,링크드,KOSDAQ
1348,219420,링크제니시스,KOSDAQ
1349,439090,마녀공장,KOSDAQ
1350,195500,마니커에프앤지,KOSDAQ
1351,377480,마음AI,KOSDAQ
1352,305090,마이크로디지탈,KOSDAQ
1353,098120,마이크로컨텍솔,KOSDAQ
1354,424980,마이크로투나노,KOSDAQ
1355,038290,마크로젠,KOSDAQ
1356,267980,매일유업,KOSDAQ
1357,005990,매일홀딩스,KOSDAQ
1358,093520,매커스,KOSDAQ
1359,377030,맥스트,KOSDAQ
1360,100590,머큐리,KOSDAQ
1361,067280,멀티캠퍼스,KOSDAQ
1362,072870,메가스터디,KOSDAQ
1363,215200,메가스터디교육,KOSDAQ
1364,133750,메가엠디,KOSDAQ
1365,446540,메가터치,KOSDAQ
1366,235980,메드팩토,KOSDAQ
1367,041920,메디아나,KOSDAQ
1368,014100,메디앙스,KOSDAQ
1369,054180,메디콕스,KOSDAQ
1370,086900,메디톡스,KOSDAQ
1371,078160,메디포스트,KOSDAQ
1372,408920,메쎄이상,KOSDAQ
1373,021880,메이슨캐피탈,KOSDAQ
1374,140410,메지온,KOSDAQ
1375,241770,메카로,KOSDAQ
1376,059210,메타바이오메드,KOSDAQ
1377,058110,멕아이씨에스,KOSDAQ
1378,434480,모니터랩,KOSDAQ
1379,080420,모다이노칩,KOSDAQ
1380,417970,모델솔루션,KOSDAQ
1381,080160,모두투어,KOSDAQ
1382,087260,모바일어플라이언스,KOSDAQ
1383,101330,모베이스,KOSDAQ
1384,012860,모베이스전자,KOSDAQ
1385,363260,모비데이즈,KOSDAQ
1386,348030,모비릭스,KOSDAQ
1387,250060,모비스,KOSDAQ
1388,288980,모아데이타,KOSDAQ
1389,142760,모아라이프플러스,KOSDAQ
1390,033200,모아텍,KOSDAQ
1391,333050,모코엠시스,KOSDAQ
1392,118990,모트렉스,KOSDAQ
1393,006920,모헨즈,KOSDAQ
1394,001810,무림SP,KOSDAQ
1395,279600,미디어젠,KOSDAQ
1396,095500,미래나노텍,KOSDAQ
1397,254490,미래반도체,KOSDAQ
1398,218150,미래생명자원,KOSDAQ
1399,442900,미래에셋드림스팩1호,KOSDAQ
1400,100790,미래에셋벤처투자,KOSDAQ
1401,412930,미래에셋비전스팩1호,KOSDAQ
1402,446190,미래에셋비전스팩2호,KOSDAQ
1403,448830,미래에셋비전스팩3호,KOSDAQ
1404,049950,미래컴퍼니,KOSDAQ
1405,207760,미스터블루,KOSDAQ
1406,059090,미코,KOSDAQ
1407,214610,미코바이오메드,KOSDAQ
1408,201490,미투온,KOSDAQ
1409,452200,민테크,KOSDAQ
1410,418470,밀리의서재,KOSDAQ
1411,206640,바디텍메드,KOSDAQ
1412,018700,바른손,KOSDAQ
1413,035620,바른손이앤에이,KOSDAQ
1414,053030,바이넥스,KOSDAQ
1415,301300,바이브컴퍼니,KOSDAQ
1416,064550,바이오니아,KOSDAQ
1417,314930,바이오다인,KOSDAQ
1418,208710,바이오로그디바이스,KOSDAQ
1419,086820,바이오솔루션,KOSDAQ
1420,038460,바이오스마트,KOSDAQ
1421,251120,바이오에프디엔씨,KOSDAQ
1422,199730,바이오인프라,KOSDAQ
1423,086040,바이오톡스텍,KOSDAQ
1424,099430,바이오플러스,KOSDAQ
1425,032980,바이온,KOSDAQ
1426,308080,바이젠셀,KOSDAQ
1427,043150,바텍,KOSDAQ
1428,323990,박셀바이오,KOSDAQ
1429,267790,배럴,KOSDAQ
1430,046310,백금T&A,KOSDAQ
1431,331520,밸로프,KOSDAQ
1432,438700,버넥트,KOSDAQ
1433,066410,버킷스튜디오,KOSDAQ
1434,382900,범한퓨얼셀,KOSDAQ
1435,206400,베노티앤알,KOSDAQ
1436,019010,베뉴지,KOSDAQ
1437,177350,베셀,KOSDAQ
1438,424760,벨로크,KOSDAQ
1439,225530,보광산업,KOSDAQ
1440,250000,보라티알,KOSDAQ
1441,310210,보로노이,KOSDAQ
1442,006910,보성파워텍,KOSDAQ
1443,226340,본느,KOSDAQ
1444,014470,부방,KOSDAQ
1445,008470,부스타,KOSDAQ
1446,338220,뷰노,KOSDAQ
1447,100120,뷰웍스,KOSDAQ
1448,406820,뷰티스킨,KOSDAQ
1449,337930,브랜드엑스코퍼레이션,KOSDAQ
1450,099390,브레인즈컴퍼니,KOSDAQ
1451,064480,브리지텍,KOSDAQ
1452,288330,브릿지바이오테라퓨틱스,KOSDAQ
1453,365900,브이씨,KOSDAQ
1454,089970,브이엠,KOSDAQ
1455,251630,브이원텍,KOSDAQ
1456,018290,브이티,KOSDAQ
1457,044480,블레이드 Ent,KOSDAQ
1458,439580,블루엠텍,KOSDAQ
1459,033560,블루콤,KOSDAQ
1460,369370,블리츠웨이스튜디오,KOSDAQ
1461,126340,비나텍,KOSDAQ
1462,121800,비덴트,KOSDAQ
1463,148140,비디아이,KOSDAQ
1464,082800,비보존 제약,KOSDAQ
1465,318410,비비씨,KOSDAQ
1466,419540,비스토스,KOSDAQ
1467,146320,비씨엔씨,KOSDAQ
1468,200780,비씨월드제약,KOSDAQ
1469,413640,비아이매트릭스,KOSDAQ
1470,141000,비아트론,KOSDAQ
1471,083650,비에이치아이,KOSDAQ
1472,445360,비엔케이제1호스팩,KOSDAQ
1473,473370,비엔케이제2호스팩,KOSDAQ
1474,065170,비엘팜텍,KOSDAQ
1475,086670,비엠티,KOSDAQ
1476,335890,비올,KOSDAQ
1477,230980,비유테크놀러지,KOSDAQ
1478,138580,비즈니스온,KOSDAQ
1479,082920,비츠로셀,KOSDAQ
1480,054220,비츠로시스,KOSDAQ
1481,042370,비츠로테크,KOSDAQ
1482,050090,비케이홀딩스,KOSDAQ
1483,148780,비큐 AI,KOSDAQ
1484,307870,비투엔,KOSDAQ
1485,357880,비트나인,KOSDAQ
1486,032850,비트컴퓨터,KOSDAQ
1487,238200,비피도,KOSDAQ
1488,093190,빅솔론,KOSDAQ
1489,065450,빅텍,KOSDAQ
1490,210120,빅텐츠,KOSDAQ
1491,069540,빛과전자,KOSDAQ
1492,072950,빛샘전자,KOSDAQ
1493,451250,삐아,KOSDAQ
1494,143240,사람인,KOSDAQ
1495,452430,사피엔반도체,KOSDAQ
1496,419120,산돌,KOSDAQ
1497,122350,삼기,KOSDAQ
1498,419050,삼기이브이,KOSDAQ
1499,014970,삼륭물산,KOSDAQ
1500,018310,삼목에스폼,KOSDAQ
1501,053700,삼보모터스,KOSDAQ
1502,009620,삼보산업,KOSDAQ
1503,023600,삼보판지,KOSDAQ
1504,425290,삼성스팩6호,KOSDAQ
1505,439250,삼성스팩7호,KOSDAQ
1506,448740,삼성스팩8호,KOSDAQ
1507,468510,삼성스팩9호,KOSDAQ
1508,009300,삼아제약,KOSDAQ
1509,361670,삼영에스앤씨,KOSDAQ
1510,054540,삼영엠텍,KOSDAQ
1511,065570,삼영이엔씨,KOSDAQ
1512,032280,삼일,KOSDAQ
1513,002290,삼일기업공사,KOSDAQ
1514,037460,삼지전자,KOSDAQ
1515,032750,삼진,KOSDAQ
1516,054090,삼진엘앤디,KOSDAQ
1517,000250,삼천당제약,KOSDAQ
1518,024950,삼천리자전거,KOSDAQ
1519,038500,삼표시멘트,KOSDAQ
1520,437730,삼현,KOSDAQ
1521,017480,삼현철강,KOSDAQ
1522,046390,삼화네트웍스,KOSDAQ
1523,027580,상보,KOSDAQ
1524,038540,상상인,KOSDAQ
1525,101000,상상인인더스트리,KOSDAQ
1526,415580,상상인제3호스팩,KOSDAQ
1527,452670,상상인제4호스팩,KOSDAQ
1528,091580,상신이디피,KOSDAQ
1529,263810,상신전자,KOSDAQ
1530,089980,상아프론테크,KOSDAQ
1531,042940,상지건설,KOSDAQ
1532,042600,새로닉스,KOSDAQ
1533,107600,새빗켐,KOSDAQ
1534,411080,샌즈랩,KOSDAQ
1535,252990,샘씨엔에스,KOSDAQ
1536,378800,샤페론,KOSDAQ
1537,294630,서남,KOSDAQ
1538,038070,서린바이오,KOSDAQ
1539,006730,서부T&D,KOSDAQ
1540,079650,서산,KOSDAQ
1541,100660,서암기계공업,KOSDAQ
1542,019770,서연탑메탈,KOSDAQ
1543,043710,서울리거,KOSDAQ
1544,092190,서울바이오시스,KOSDAQ
1545,046890,서울반도체,KOSDAQ
1546,063170,서울옥션,KOSDAQ
1547,027040,서울전자통신,KOSDAQ
1548,018680,서울제약,KOSDAQ
1549,093920,서원인텍,KOSDAQ
1550,189860,서전기전,KOSDAQ
1551,178320,서진시스템,KOSDAQ
1552,122690,서진오토모티브,KOSDAQ
1553,140070,서플러스글로벌,KOSDAQ
1554,011370,서한,KOSDAQ
1555,065710,서호전기,KOSDAQ
1556,035890,서희건설,KOSDAQ
1557,357550,석경에이티,KOSDAQ
1558,003100,선광,KOSDAQ
1559,067370,선바이오,KOSDAQ
1560,171090,선익시스템,KOSDAQ
1561,086710,선진뷰티사이언스,KOSDAQ
1562,014620,성광벤드,KOSDAQ
1563,037350,성도이엔지,KOSDAQ
1564,081580,성우전자,KOSDAQ
1565,045300,성우테크론,KOSDAQ
1566,015750,성우하이텍,KOSDAQ
1567,365340,성일하이텍,KOSDAQ
1568,080470,성창오토텍,KOSDAQ
1569,043260,성호전자,KOSDAQ
1570,148150,세경하이테크,KOSDAQ
1571,188260,세니젠,KOSDAQ
1572,053060,세동,KOSDAQ
1573,340440,세림B&G,KOSDAQ
1574,017510,세명전기,KOSDAQ
1575,011560,세보엠이씨,KOSDAQ
1576,396300,세아메카닉스,KOSDAQ
1577,100700,세운메디칼,KOSDAQ
1578,024830,세원물산,KOSDAQ
1579,258830,세종메디칼,KOSDAQ
1580,036630,세종텔레콤,KOSDAQ
1581,039310,세중,KOSDAQ
1582,067770,세진티에스,KOSDAQ
1583,053450,세코닉스,KOSDAQ
1584,222810,세토피아,KOSDAQ
1585,252500,세화피앤씨,KOSDAQ
1586,321370,센서뷰,KOSDAQ
1587,347000,센코,KOSDAQ
1588,331920,셀레믹스,KOSDAQ
1589,049180,셀루메드,KOSDAQ
1590,299660,셀리드,KOSDAQ
1591,268600,셀리버리,KOSDAQ
1592,108860,셀바스AI,KOSDAQ
1593,208370,셀바스헬스케어,KOSDAQ
1594,318160,셀바이오휴먼텍,KOSDAQ
1595,068760,셀트리온제약,KOSDAQ
1596,068940,셀피글로벌,KOSDAQ
1597,060230,소니드,KOSDAQ
1598,290690,소룩스,KOSDAQ
1599,950200,소마젠,KOSDAQ
1600,032680,소프트센,KOSDAQ
1601,032685,소프트센우,KOSDAQ
1602,258790,소프트캠프,KOSDAQ
1603,066910,손오공,KOSDAQ
1604,043100,솔고바이오,KOSDAQ
1605,035610,솔본,KOSDAQ
1606,357780,솔브레인,KOSDAQ
1607,036830,솔브레인홀딩스,KOSDAQ
1608,304100,솔트룩스,KOSDAQ
1609,328380,솔트웨어,KOSDAQ
1610,086980,쇼박스,KOSDAQ
1611,050960,수산아이앤티,KOSDAQ
1612,084180,수성웹툰,KOSDAQ
1613,253840,수젠텍,KOSDAQ
1614,298830,슈어소프트테크,KOSDAQ
1615,236200,슈프리마,KOSDAQ
1616,094840,슈프리마에이치큐,KOSDAQ
1617,192440,슈피겐코리아,KOSDAQ
1618,424960,스마트레이더시스템,KOSDAQ
1619,136510,스마트솔루션즈,KOSDAQ
1620,099440,스맥,KOSDAQ
1621,033790,스카이문스테크놀로지,KOSDAQ
1622,276040,스코넥,KOSDAQ
1623,159910,스킨앤스킨,KOSDAQ
1624,115570,스타플렉스,KOSDAQ
1625,330730,스톤브릿지벤처스,KOSDAQ
1626,352090,스톰테크,KOSDAQ
1627,253450,스튜디오드래곤,KOSDAQ
1628,408900,스튜디오미르,KOSDAQ
1629,204630,스튜디오산타클로스,KOSDAQ
1630,415380,스튜디오삼익,KOSDAQ
1631,013810,스페코,KOSDAQ
1632,203690,스피어파워,KOSDAQ
1633,049830,승일,KOSDAQ
1634,020710,시공테크,KOSDAQ
1635,033170,시그네틱스,KOSDAQ
1636,048870,시너지이노베이션,KOSDAQ
1637,025320,시노펙스,KOSDAQ
1638,269620,시스웍,KOSDAQ
1639,429270,시지트로닉스,KOSDAQ
1640,418250,시큐레터,KOSDAQ
1641,131090,시큐브,KOSDAQ
1642,232830,시큐센,KOSDAQ
1643,290520,신도기연,KOSDAQ
1644,001000,신라섬유,KOSDAQ
1645,025870,신라에스지,KOSDAQ
1646,215600,신라젠,KOSDAQ
1647,065350,신성델타테크,KOSDAQ
1648,416180,신성에스티,KOSDAQ
1649,162300,신스틸,KOSDAQ
1650,290560,신시웨이,KOSDAQ
1651,002800,신신제약,KOSDAQ
1652,472220,신영스팩10호,KOSDAQ
1653,430220,신영스팩8호,KOSDAQ
1654,445970,신영스팩9호,KOSDAQ
1655,017000,신원종합개발,KOSDAQ
1656,012790,신일제약,KOSDAQ
1657,138070,신진에스엠,KOSDAQ
1658,226330,신테카바이오,KOSDAQ
1659,418210,신한제10호스팩,KOSDAQ
1660,452980,신한제11호스팩,KOSDAQ
1661,474660,신한제12호스팩,KOSDAQ
1662,474930,신한제13호스팩,KOSDAQ
1663,405640,신한제9호스팩,KOSDAQ
1664,056700,신화인터텍,KOSDAQ
1665,187270,신화콘텍,KOSDAQ
1666,243840,신흥에스이씨,KOSDAQ
1667,257720,실리콘투,KOSDAQ
1668,222800,심텍,KOSDAQ
1669,036710,심텍홀딩스,KOSDAQ
1670,160980,싸이맥스,KOSDAQ
1671,356890,싸이버원,KOSDAQ
1672,217330,싸이토젠,KOSDAQ
1673,010280,쌍용정보통신,KOSDAQ
1674,208640,썸에이지,KOSDAQ
1675,222420,쎄노텍,KOSDAQ
1676,037760,쎄니트,KOSDAQ
1677,099320,쎄트렉아이,KOSDAQ
1678,049960,쎌바이오텍,KOSDAQ
1679,088280,쏘닉스,KOSDAQ
1680,050890,쏠리드,KOSDAQ
1681,109670,씨싸이트,KOSDAQ
1682,066790,씨씨에스,KOSDAQ
1683,222080,씨아이에스,KOSDAQ
1684,352480,씨앤씨인터내셔널,KOSDAQ
1685,264660,씨앤지하이테크,KOSDAQ
1686,352700,씨앤투스,KOSDAQ
1687,297090,씨에스베어링,KOSDAQ
1688,900120,씨엑스아이,KOSDAQ
1689,359090,씨엔알리서치,KOSDAQ
1690,115530,씨엔플러스,KOSDAQ
1691,115480,씨유메디칼,KOSDAQ
1692,340810,씨유박스,KOSDAQ
1693,376290,씨유테크,KOSDAQ
1694,189330,씨이랩,KOSDAQ
1695,096530,씨젠,KOSDAQ
1696,101240,씨큐브,KOSDAQ
1697,060590,씨티씨바이오,KOSDAQ
1698,260930,씨티케이,KOSDAQ
1699,052300,씨티프라퍼티,KOSDAQ
1700,013990,아가방컴퍼니,KOSDAQ
1701,123860,아나패스,KOSDAQ
1702,025980,아난티,KOSDAQ
1703,125210,아모그린텍,KOSDAQ
1704,357580,아모센스,KOSDAQ
1705,052710,아모텍,KOSDAQ
1706,074430,아미노로직스,KOSDAQ
1707,092040,아미코젠,KOSDAQ
1708,083930,아바코,KOSDAQ
1709,149950,아바텍,KOSDAQ
1710,036010,아비코전자,KOSDAQ
1711,050860,아세아텍,KOSDAQ
1712,136410,아셈스,KOSDAQ
1713,246720,아스타,KOSDAQ
1714,067390,아스트,KOSDAQ
1715,159010,아스플로,KOSDAQ
1716,127710,아시아경제,KOSDAQ
1717,154030,아시아종묘,KOSDAQ
1718,227610,아우딘퓨쳐스,KOSDAQ
1719,143160,아이디스,KOSDAQ
1720,054800,아이디스홀딩스,KOSDAQ
1721,332370,아이디피,KOSDAQ
1722,339950,아이비김영,KOSDAQ
1723,099190,아이센스,KOSDAQ
1724,289010,아이스크림에듀,KOSDAQ
1725,214430,아이쓰리시스템,KOSDAQ
1726,040910,아이씨디,KOSDAQ
1727,368600,아이씨에이치,KOSDAQ
1728,456010,아이씨티케이,KOSDAQ
1729,052860,아이앤씨,KOSDAQ
1730,069920,아이에스이커머스,KOSDAQ
1731,038880,아이에이,KOSDAQ
1732,307180,아이엘사이언스,KOSDAQ
1733,101390,아이엠,KOSDAQ
1734,461030,아이엠비디엑스,KOSDAQ
1735,451220,아이엠티,KOSDAQ
1736,078860,아이오케이,KOSDAQ
1737,090150,아이윈,KOSDAQ
1738,123010,아이윈플러스,KOSDAQ
1739,031310,아이즈비전,KOSDAQ
1740,185490,아이진,KOSDAQ
1741,059100,아이컴포넌트,KOSDAQ
1742,262840,아이퀘스트,KOSDAQ
1743,175250,아이큐어,KOSDAQ
1744,052460,아이크래프트,KOSDAQ
1745,119830,아이텍,KOSDAQ
1746,052770,아이톡시,KOSDAQ
1747,124500,아이티센,KOSDAQ
1748,372800,아이티아이즈,KOSDAQ
1749,084850,아이티엠반도체,KOSDAQ
1750,114840,아이패밀리에스씨,KOSDAQ
1751,027360,아주IB투자,KOSDAQ
1752,032080,아즈텍WB,KOSDAQ
1753,013310,아진산업,KOSDAQ
1754,059120,아진엑스텍,KOSDAQ
1755,158430,아톤,KOSDAQ
1756,321820,아티스트유나이티드,KOSDAQ
1757,001540,안국약품,KOSDAQ
1758,053800,안랩,KOSDAQ
1759,065660,안트로젠,KOSDAQ
1760,297570,알로이스,KOSDAQ
1761,260660,알리코제약,KOSDAQ
1762,354320,알멕,KOSDAQ
1763,361570,알비더블유,KOSDAQ
1764,131370,알서포트,KOSDAQ
1765,140670,알에스오토메이션,KOSDAQ
1766,096610,알에프세미,KOSDAQ
1767,061040,알에프텍,KOSDAQ
1768,148250,알엔투테크놀로지,KOSDAQ
1769,347860,알체라,KOSDAQ
1770,196170,알테오젠,KOSDAQ
1771,123750,알톤,KOSDAQ
1772,085810,알티캐스트,KOSDAQ
1773,117670,알파홀딩스,KOSDAQ
1774,314140,알피바이오,KOSDAQ
1775,291650,압타머사이언스,KOSDAQ
1776,293780,압타바이오,KOSDAQ
1777,196300,애니젠,KOSDAQ
1778,310200,애니플러스,KOSDAQ
1779,299910,애닉,KOSDAQ
1780,179530,애드바이오텍,KOSDAQ
1781,900100,애머릿지,KOSDAQ
1782,205500,액션스퀘어,KOSDAQ
1783,052790,액토즈소프트,KOSDAQ
1784,290740,액트로,KOSDAQ
1785,238090,앤디포스,KOSDAQ
1786,092600,앤씨앤,KOSDAQ
1787,129890,앱코,KOSDAQ
1788,174900,앱클론,KOSDAQ
1789,255440,야스,KOSDAQ
1790,030960,양지사,KOSDAQ
1791,102120,어보브반도체,KOSDAQ
1792,263540,어스앤에어로스페이스,KOSDAQ
1793,238120,얼라인드,KOSDAQ
1794,019990,에너토크,KOSDAQ
1795,270660,에브리봇,KOSDAQ
1796,038680,에스넷,KOSDAQ
1797,217480,에스디생명공학,KOSDAQ
1798,121890,에스디시스템,KOSDAQ
1799,304360,에스바이오메딕스,KOSDAQ
1800,389500,에스비비테크,KOSDAQ
1801,042110,에스씨디,KOSDAQ
1802,298060,에스씨엠생명과학,KOSDAQ
1803,065420,에스아이리소스,KOSDAQ
1804,103230,에스앤더블류,KOSDAQ
1805,260970,에스앤디,KOSDAQ
1806,101490,에스앤에스텍,KOSDAQ
1807,095910,에스에너지,KOSDAQ
1808,275630,에스에스알,KOSDAQ
1809,031330,에스에이엠티,KOSDAQ
1810,060540,에스에이티,KOSDAQ
1811,351320,에스에이티이엔지,KOSDAQ
1812,056190,에스에프에이,KOSDAQ
1813,080000,에스엔유,KOSDAQ
1814,214310,에스엘에너지,KOSDAQ
1815,246250,에스엘에스바이오,KOSDAQ
1816,041510,에스엠,KOSDAQ
1817,007820,에스엠코어,KOSDAQ
1818,109610,에스와이,KOSDAQ
1819,365330,에스와이스틸텍,KOSDAQ
1820,031860,에스유홀딩스,KOSDAQ
1821,306040,에스제이그룹,KOSDAQ
1822,457940,에스케이증권제10호스팩,KOSDAQ
1823,472230,에스케이증권제11호스팩,KOSDAQ
1824,473000,에스케이증권제12호스팩,KOSDAQ
1825,435870,에스케이증권제8호스팩,KOSDAQ
1826,455910,에스케이증권제9호스팩,KOSDAQ
1827,096630,에스코넥,KOSDAQ
1828,069510,에스텍,KOSDAQ
1829,234300,에스트래픽,KOSDAQ
1830,039440,에스티아이,KOSDAQ
1831,098660,에스티오,KOSDAQ
1832,052020,에스티큐브,KOSDAQ
1833,237690,에스티팜,KOSDAQ
1834,050760,에스폴리텍,KOSDAQ
1835,288620,에스퓨얼셀,KOSDAQ
1836,443670,에스피소프트,KOSDAQ
1837,317830,에스피시스템스,KOSDAQ
1838,058610,에스피지,KOSDAQ
1839,043340,에쎈테크,KOSDAQ
1840,187660,에이디엠코리아,KOSDAQ
1841,054630,에이디칩스,KOSDAQ
1842,200710,에이디테크놀로지,KOSDAQ
1843,096690,에이루트,KOSDAQ
1844,298380,에이비엘바이오,KOSDAQ
1845,203400,에이비온,KOSDAQ
1846,195990,에이비프로바이오,KOSDAQ
1847,003800,에이스침대,KOSDAQ
1848,088800,에이스테크,KOSDAQ
1849,241840,에이스토리,KOSDAQ
1850,453860,에이에스텍,KOSDAQ
1851,312610,에이에프더블류,KOSDAQ
1852,172670,에이엘티,KOSDAQ
1853,445090,에이직랜드,KOSDAQ
1854,072990,에이치시티,KOSDAQ
1855,239610,에이치엘사이언스,KOSDAQ
1856,462020,에이치엠씨제6호스팩,KOSDAQ
1857,148930,에이치와이티씨,KOSDAQ
1858,044780,에이치케이,KOSDAQ
1859,357230,에이치피오,KOSDAQ
1860,355690,에이텀,KOSDAQ
1861,071670,에이테크솔루션,KOSDAQ
1862,045660,에이텍,KOSDAQ
1863,224110,에이텍모빌리티,KOSDAQ
1864,021080,에이티넘인베스트,KOSDAQ
1865,089530,에이티세미콘,KOSDAQ
1866,200470,에이팩트,KOSDAQ
1867,262260,에이프로,KOSDAQ
1868,397030,에이프릴바이오,KOSDAQ
1869,230240,에치에프알,KOSDAQ
1870,230360,에코마케팅,KOSDAQ
1871,038870,에코바이오,KOSDAQ
1872,097780,에코볼트,KOSDAQ
1873,448280,에코아이,KOSDAQ
1874,101360,에코앤드림,KOSDAQ
1875,128540,에코캡,KOSDAQ
1876,086520,에코프로,KOSDAQ
1877,247540,에코프로비엠,KOSDAQ
1878,383310,에코프로에이치엔,KOSDAQ
1879,038110,에코플라스틱,KOSDAQ
1880,073540,에프알텍,KOSDAQ
1881,064850,에프앤가이드,KOSDAQ
1882,036810,에프에스티,KOSDAQ
1883,173940,에프엔씨엔터,KOSDAQ
1884,083500,에프엔에스테크,KOSDAQ
1885,054940,엑사이엔씨,KOSDAQ
1886,950130,엑세스바이오,KOSDAQ
1887,205100,엑셈,KOSDAQ
1888,356680,엑스게이트,KOSDAQ
1889,070300,엑스큐어,KOSDAQ
1890,317770,엑스페릭스,KOSDAQ
1891,373200,엑스플러스,KOSDAQ
1892,092870,엑시콘,KOSDAQ
1893,317870,엔바이오니아,KOSDAQ
1894,067570,엔브이에이치코리아,KOSDAQ
1895,236810,엔비티,KOSDAQ
1896,333620,엔시스,KOSDAQ
1897,101400,엔시트론,KOSDAQ
1898,422040,엔에이치스팩23호,KOSDAQ
1899,437780,엔에이치스팩24호,KOSDAQ
1900,438580,엔에이치스팩25호,KOSDAQ
1901,439410,엔에이치스팩26호,KOSDAQ
1902,440820,엔에이치스팩27호,KOSDAQ
1903,451700,엔에이치스팩29호,KOSDAQ
1904,466910,엔에이치스팩30호,KOSDAQ
1905,265740,엔에프씨,KOSDAQ
1906,354200,엔젠바이오,KOSDAQ
1907,455900,엔젤로보틱스,KOSDAQ
1908,419080,엔젯,KOSDAQ
1909,208860,엔지스테크널러지,KOSDAQ
1910,183490,엔지켐생명과학,KOSDAQ
1911,182400,엔케이맥스,KOSDAQ
1912,348370,엔켐,KOSDAQ
1913,058450,엔터파트너즈,KOSDAQ
1914,069410,엔텔스,KOSDAQ
1915,227950,엔투텍,KOSDAQ
1916,291230,엔피,KOSDAQ
1917,198080,엔피디,KOSDAQ
1918,048830,엔피케이,KOSDAQ
1919,096870,엘디티,KOSDAQ
1920,290650,엘앤씨바이오,KOSDAQ
1921,156100,엘앤케이바이오,KOSDAQ
1922,073110,엘엠에스,KOSDAQ
1923,083310,엘오티베큠,KOSDAQ
1924,037950,엘컴텍,KOSDAQ
1925,170920,엘티씨,KOSDAQ
1926,058630,엠게임,KOSDAQ
1927,058970,엠로,KOSDAQ
1928,019590,엠벤처투자,KOSDAQ
1929,169330,엠브레인,KOSDAQ
1930,373170,엠아이큐브솔루션,KOSDAQ
1931,179290,엠아이텍,KOSDAQ
1932,009780,엠에스씨,KOSDAQ
1933,123040,엠에스오토텍,KOSDAQ
1934,323230,엠에프엠코리아,KOSDAQ
1935,032790,엠젠솔루션,KOSDAQ
1936,033160,엠케이전자,KOSDAQ
1937,347890,엠투아이,KOSDAQ
1938,033310,엠투엔,KOSDAQ
1939,259630,엠플러스,KOSDAQ
1940,060850,영림원소프트랩,KOSDAQ
1941,143540,영우디에스피,KOSDAQ
1942,036560,영풍정밀,KOSDAQ
1943,265560,영화테크,KOSDAQ
1944,036000,예림당,KOSDAQ
1945,250930,예선테크,KOSDAQ
1946,053280,예스24,KOSDAQ
1947,122640,예스티,KOSDAQ
1948,900300,오가닉티코스메틱,KOSDAQ
1949,045060,오공,KOSDAQ
1950,080520,오디텍,KOSDAQ
1951,039830,오로라,KOSDAQ
1952,322310,오로스테크놀로지,KOSDAQ
1953,046120,오르비텍,KOSDAQ
1954,014940,오리엔탈정공,KOSDAQ
1955,065500,오리엔트정공,KOSDAQ
1956,010470,오리콤,KOSDAQ
1957,417860,오브젠,KOSDAQ
1958,352910,오비고,KOSDAQ
1959,053980,오상자이엘,KOSDAQ
1960,036220,오상헬스케어,KOSDAQ
1961,052420,오성첨단소재,KOSDAQ
1962,039200,오스코텍,KOSDAQ
1963,226400,오스테오닉,KOSDAQ
1964,031510,오스템,KOSDAQ
1965,368970,오에스피,KOSDAQ
1966,138080,오이솔루션,KOSDAQ
1967,080580,오킨스전자,KOSDAQ
1968,067170,오텍,KOSDAQ
1969,353590,오토앤,KOSDAQ
1970,173130,오파스넷,KOSDAQ
1971,440320,오픈놀,KOSDAQ
1972,049480,오픈베이스,KOSDAQ
1973,394280,오픈엣지테크놀로지,KOSDAQ
1974,309930,오하임앤컴퍼니,KOSDAQ
1975,244460,올리패스,KOSDAQ
1976,226950,올릭스,KOSDAQ
1977,057540,옴니시스템,KOSDAQ
1978,131030,옵투스제약,KOSDAQ
1979,082210,옵트론텍,KOSDAQ
1980,109080,옵티시스,KOSDAQ
1981,380540,옵티코어,KOSDAQ
1982,153710,옵티팜,KOSDAQ
1983,432430,와이랩,KOSDAQ
1984,338840,와이바이오로직스,KOSDAQ
1985,122990,와이솔,KOSDAQ
1986,232140,와이씨,KOSDAQ
1987,112290,와이씨켐,KOSDAQ
1988,065530,와이어블,KOSDAQ
1989,067900,와이엔텍,KOSDAQ
1990,007530,와이엠,KOSDAQ
1991,155650,와이엠씨,KOSDAQ
1992,273640,와이엠텍,KOSDAQ
1993,251370,와이엠티,KOSDAQ
1994,066430,와이오엠,KOSDAQ
1995,273060,와이즈버즈,KOSDAQ
1996,019210,와이지-원,KOSDAQ
1997,122870,와이지엔터테인먼트,KOSDAQ
1998,332570,와이팜,KOSDAQ
1999,079000,와토스코리아,KOSDAQ
2000,403490,우듬지팜,KOSDAQ
2001,032820,우리기술,KOSDAQ
2002,041190,우리기술투자,KOSDAQ
2003,115440,우리넷,KOSDAQ
2004,046970,우리로,KOSDAQ
2005,082850,우리바이오,KOSDAQ
2006,215360,우리산업,KOSDAQ
2007,072470,우리산업홀딩스,KOSDAQ
2008,073560,우리손에프앤지,KOSDAQ
2009,037400,우리엔터프라이즈,KOSDAQ
2010,153490,우리이앤엘,KOSDAQ
2011,101170,우림피티에스,KOSDAQ
2012,066590,우수AMS,KOSDAQ
2013,103840,우양,KOSDAQ
2014,046940,우원개발,KOSDAQ
2015,215380,우정바이오,KOSDAQ
2016,065680,우주일렉트로,KOSDAQ
2017,018620,우진비앤지,KOSDAQ
2018,457550,우진엔텍,KOSDAQ
2019,396470,워트,KOSDAQ
2020,307280,원바이오젠,KOSDAQ
2021,032940,원익,KOSDAQ
2022,240810,원익IPS,KOSDAQ
2023,074600,원익QnC,KOSDAQ
2024,104830,원익머트리얼즈,KOSDAQ
2025,014190,원익큐브,KOSDAQ
2026,217820,원익피앤이,KOSDAQ
2027,030530,원익홀딩스,KOSDAQ
2028,012620,원일특강,KOSDAQ
2029,382840,원준,KOSDAQ
2030,336570,원텍,KOSDAQ
2031,376980,원티드랩,KOSDAQ
2032,008370,원풍,KOSDAQ
2033,008290,원풍물산,KOSDAQ
2034,101160,월덱스,KOSDAQ
2035,064090,웨스트라이즈,KOSDAQ
2036,336060,웨이버스,KOSDAQ
2037,095270,웨이브일렉트로,KOSDAQ
2038,065950,웰크론,KOSDAQ
2039,076080,웰크론한텍,KOSDAQ
2040,043590,웰킵스하이텍,KOSDAQ
2041,196700,웹스,KOSDAQ
2042,069080,웹젠,KOSDAQ
2043,053580,웹케시,KOSDAQ
2044,071460,위니아,KOSDAQ
2045,377460,위니아에이드,KOSDAQ
2046,044340,위닉스,KOSDAQ
2047,330350,위더스제약,KOSDAQ
2048,348350,위드텍,KOSDAQ
2049,112040,위메이드,KOSDAQ
2050,101730,위메이드맥스,KOSDAQ
2051,123420,위메이드플레이,KOSDAQ
2052,065370,위세아이텍,KOSDAQ
2053,038620,위즈코프,KOSDAQ
2054,299900,위지윅스튜디오,KOSDAQ
2055,036090,위지트,KOSDAQ
2056,136540,윈스,KOSDAQ
2057,320000,윈텍,KOSDAQ
2058,097800,윈팩,KOSDAQ
2059,192390,윈하이텍,KOSDAQ
2060,335870,윙스풋,KOSDAQ
2061,900340,윙입푸드,KOSDAQ
2062,036200,유니셈,KOSDAQ
2063,018000,유니슨,KOSDAQ
2064,203450,유니온커뮤니티,KOSDAQ
2065,011320,유니크,KOSDAQ
2066,086390,유니테스트,KOSDAQ
2067,241690,유니테크노,KOSDAQ
2068,142210,유니트론텍,KOSDAQ
2069,048430,유라테크,KOSDAQ
2070,206650,유바이오로직스,KOSDAQ
2071,089850,유비벨록스,KOSDAQ
2072,084440,유비온,KOSDAQ
2073,032620,유비케어,KOSDAQ
2074,264450,유비쿼스,KOSDAQ
2075,078070,유비쿼스홀딩스,KOSDAQ
2076,024800,유성티엔에스,KOSDAQ
2077,054930,유신,KOSDAQ
2078,069330,유아이디,KOSDAQ
2079,049520,유아이엘,KOSDAQ
2080,435380,유안타제10호스팩,KOSDAQ
2081,444920,유안타제11호스팩,KOSDAQ
2082,446150,유안타제12호스팩,KOSDAQ
2083,449020,유안타제13호스팩,KOSDAQ
2084,450940,유안타제14호스팩,KOSDAQ
2085,473050,유안타제15호스팩,KOSDAQ
2086,474490,유안타제16호스팩,KOSDAQ
2087,430700,유안타제9호스팩,KOSDAQ
2088,263770,유에스티,KOSDAQ
2089,388720,유일로보틱스,KOSDAQ
2090,340930,유일에너테크,KOSDAQ
2091,023410,유진기업,KOSDAQ
2092,056080,유진로봇,KOSDAQ
2093,468760,유진스팩10호,KOSDAQ
2094,388800,유진스팩7호,KOSDAQ
2095,413630,유진스팩8호,KOSDAQ
2096,442130,유진스팩9호,KOSDAQ
2097,084370,유진테크,KOSDAQ
2098,240600,유진테크놀로지,KOSDAQ
2099,221800,유투바이오,KOSDAQ
2100,179900,유티아이,KOSDAQ
2101,263050,유틸렉스,KOSDAQ
2102,191410,육일씨엔에쓰,KOSDAQ
2103,372170,윤성에프앤씨,KOSDAQ
2104,146060,율촌,KOSDAQ
2105,072770,율호,KOSDAQ
2106,039020,이건홀딩스,KOSDAQ
2107,067920,이글루,KOSDAQ
2108,044960,이글벳,KOSDAQ
2109,303530,이노뎁,KOSDAQ
2110,296640,이노룰스,KOSDAQ
2111,302430,이노메트리,KOSDAQ
2112,274400,이노시뮬레이션,KOSDAQ
2113,056090,이노시스,KOSDAQ
2114,073490,이노와이어리스,KOSDAQ
2115,215790,이노인스트루먼트,KOSDAQ
2116,344860,이노진,KOSDAQ
2117,088390,이녹스,KOSDAQ
2118,272290,이녹스첨단소재,KOSDAQ
2119,053350,이니텍,KOSDAQ
2120,452400,이닉스,KOSDAQ
2121,264850,이랜시스,KOSDAQ
2122,054210,이랜텍,KOSDAQ
2123,009730,이렘,KOSDAQ
2124,164060,이루다,KOSDAQ
2125,065440,이루온,KOSDAQ
2126,115610,이미지스,KOSDAQ
2127,078020,이베스트투자증권,KOSDAQ
2128,131400,이브이첨단소재,KOSDAQ
2129,351330,이삭엔지니어링,KOSDAQ
2130,080010,이상네트웍스,KOSDAQ
2131,086890,이수앱지스,KOSDAQ
2132,047560,이스트소프트,KOSDAQ
2133,900110,이스트아시아홀딩스,KOSDAQ
2134,239340,이스트에이드,KOSDAQ
2135,067010,이씨에스,KOSDAQ
2136,418620,이에이트,KOSDAQ
2137,102710,이엔에프테크놀로지,KOSDAQ
2138,041520,이엘씨,KOSDAQ
2139,063760,이엘피,KOSDAQ
2140,123570,이엠넷,KOSDAQ
2141,083470,이엠앤아이,KOSDAQ
2142,095190,이엠코리아,KOSDAQ
2143,091120,이엠텍,KOSDAQ
2144,039030,이오테크닉스,KOSDAQ
2145,294090,이오플로우,KOSDAQ
2146,088290,이원컴포텍,KOSDAQ
2147,181340,이즈미디어,KOSDAQ
2148,353810,이지바이오,KOSDAQ
2149,099750,이지케어텍,KOSDAQ
2150,377330,이지트로닉스,KOSDAQ
2151,035810,이지홀딩스,KOSDAQ
2152,160600,이큐셀,KOSDAQ
2153,092130,이크레더블,KOSDAQ
2154,096040,이트론,KOSDAQ
2155,134060,이퓨쳐,KOSDAQ
2156,001840,이화공영,KOSDAQ
2157,024810,이화전기,KOSDAQ
2158,041830,인바디,KOSDAQ
2159,352940,인바이오,KOSDAQ
2160,079950,인베니아,KOSDAQ
2161,389470,인벤티지랩,KOSDAQ
2162,277410,인산가,KOSDAQ
2163,060150,인선이엔티,KOSDAQ
2164,033230,인성정보,KOSDAQ
2165,450520,인스웨이브시스템즈,KOSDAQ
2166,037330,인지디스플레,KOSDAQ
2167,100030,인지소프트,KOSDAQ
2168,211050,인카금융서비스,KOSDAQ
2169,083640,인콘,KOSDAQ
2170,216050,인크로스,KOSDAQ
2171,049070,인탑스,KOSDAQ
2172,119610,인터로조,KOSDAQ
2173,017250,인터엠,KOSDAQ
2174,051370,인터플렉스,KOSDAQ
2175,064290,인텍플러스,KOSDAQ
2176,189300,인텔리안테크,KOSDAQ
2177,150840,인트로메딕,KOSDAQ
2178,048530,인트론바이오,KOSDAQ
2179,115310,인포바인,KOSDAQ
2180,039290,인포뱅크,KOSDAQ
2181,071200,인피니트헬스케어,KOSDAQ
2182,101930,인화정공,KOSDAQ
2183,333430,일승,KOSDAQ
2184,068330,일신바이오,KOSDAQ
2185,178780,일월지엠엘,KOSDAQ
2186,019540,일지테크,KOSDAQ
2187,094820,일진파워,KOSDAQ
2188,950140,잉글우드랩,KOSDAQ
2189,049550,잉크테크,KOSDAQ
2190,389020,자람테크놀로지,KOSDAQ
2191,254120,자비스,KOSDAQ
2192,043910,자연과환경,KOSDAQ
2193,234920,자이글,KOSDAQ
2194,289220,자이언트스텝,KOSDAQ
2195,174880,장원테크,KOSDAQ
2196,049630,재영솔루텍,KOSDAQ
2197,417840,저스템,KOSDAQ
2198,110020,전진바이오팜,KOSDAQ
2199,208140,정다운,KOSDAQ
2200,040420,정상제이엘에스,KOSDAQ
2201,045510,정원엔시스,KOSDAQ
2202,217190,제너셈,KOSDAQ
2203,095700,제넥신,KOSDAQ
2204,072520,제넨바이오,KOSDAQ
2205,122310,제노레이,KOSDAQ
2206,361390,제노코,KOSDAQ
2207,187420,제노포커스,KOSDAQ
2208,225220,제놀루션,KOSDAQ
2209,123330,제닉,KOSDAQ
2210,159580,제로투세븐,KOSDAQ
2211,147830,제룡산업,KOSDAQ
2212,033100,제룡전기,KOSDAQ
2213,079370,제우스,KOSDAQ
2214,054950,제이브이엠,KOSDAQ
2215,023440,제이스코홀딩스,KOSDAQ
2216,090470,제이스텍,KOSDAQ
2217,287410,제이시스메디칼,KOSDAQ
2218,137950,제이씨케미칼,KOSDAQ
2219,033320,제이씨현시스템,KOSDAQ
2220,417500,제이아이테크,KOSDAQ
2221,204270,제이앤티씨,KOSDAQ
2222,026040,제이에스티나,KOSDAQ
2223,452160,제이엔비,KOSDAQ
2224,126880,제이엔케이글로벌,KOSDAQ
2225,322510,제이엘케이,KOSDAQ
2226,033050,제이엠아이,KOSDAQ
2227,094970,제이엠티,KOSDAQ
2228,418550,제이오,KOSDAQ
2229,420570,제이투케이바이오,KOSDAQ
2230,089790,제이티,KOSDAQ
2231,052670,제일바이오,KOSDAQ
2232,412540,제일엠앤에스,KOSDAQ
2233,199820,제일일렉트릭,KOSDAQ
2234,038010,제일테크노스,KOSDAQ
2235,276730,제주맥주,KOSDAQ
2236,080220,제주반도체,KOSDAQ
2237,216080,제테마,KOSDAQ
2238,229000,젠큐릭스,KOSDAQ
2239,082270,젬백스,KOSDAQ
2240,064800,젬백스링크,KOSDAQ
2241,044060,조광ILI,KOSDAQ
2242,034940,조아제약,KOSDAQ
2243,067000,조이시티,KOSDAQ
2244,033340,좋은사람들,KOSDAQ
2245,036930,주성엔지니어링,KOSDAQ
2246,072020,중앙백신,KOSDAQ
2247,000440,중앙에너비스,KOSDAQ
2248,051980,중앙첨단소재,KOSDAQ
2249,228760,지노믹트리,KOSDAQ
2250,314130,지놈앤컴퍼니,KOSDAQ
2251,389030,지니너스,KOSDAQ
2252,043610,지니뮤직,KOSDAQ
2253,263860,지니언스,KOSDAQ
2254,303030,지니틱스,KOSDAQ
2255,036180,지더블유바이텍,KOSDAQ
2256,208350,지란지교시큐리티,KOSDAQ
2257,144510,지씨셀,KOSDAQ
2258,358570,지아이이노베이션,KOSDAQ
2259,382480,지아이텍,KOSDAQ
2260,382800,지앤비에스 에코,KOSDAQ
2261,051160,지어소프트,KOSDAQ
2262,053050,지에스이,KOSDAQ
2263,119850,지엔씨에너지,KOSDAQ
2264,065060,지엔코,KOSDAQ
2265,204840,지엘팜텍,KOSDAQ
2266,270520,지오릿에너지,KOSDAQ
2267,311320,지오엘리먼트,KOSDAQ
2268,388050,지투파워,KOSDAQ
2269,219750,지티지웰니스,KOSDAQ
2270,018120,진로발효,KOSDAQ
2271,109820,진매트릭스,KOSDAQ
2272,086060,진바이오텍,KOSDAQ
2273,036890,진성티이씨,KOSDAQ
2274,363250,진시스템,KOSDAQ
2275,007370,진양제약,KOSDAQ
2276,285800,진영,KOSDAQ
2277,085660,차바이오텍,KOSDAQ
2278,261780,차백신연구소,KOSDAQ
2279,094850,참좋은여행,KOSDAQ
2280,004650,창해에탄올,KOSDAQ
2281,278280,천보,KOSDAQ
2282,362320,청담글로벌,KOSDAQ
2283,066360,체리부로,KOSDAQ
2284,047820,초록뱀미디어,KOSDAQ
2285,094360,칩스앤미디어,KOSDAQ
2286,016790,카나리아바이오,KOSDAQ
2287,016920,카스,KOSDAQ
2288,284620,카이노스메드,KOSDAQ
2289,293490,카카오게임즈,KOSDAQ
2290,140430,카티스,KOSDAQ
2291,042000,카페24,KOSDAQ
2292,313760,캐리,KOSDAQ
2293,317530,캐리소프트,KOSDAQ
2294,071850,캐스텍코리아,KOSDAQ
2295,050110,캠시스,KOSDAQ
2296,452300,캡스톤파트너스,KOSDAQ
2297,119860,커넥트웨이브,KOSDAQ
2298,451760,컨텍,KOSDAQ
2299,900310,컬러레이,KOSDAQ
2300,078340,컴투스,KOSDAQ
2301,063080,컴투스홀딩스,KOSDAQ
2302,307930,컴퍼니케이,KOSDAQ
2303,079190,케스피온,KOSDAQ
2304,263700,케어랩스,KOSDAQ
2305,214370,케어젠,KOSDAQ
2306,221980,케이디켐,KOSDAQ
2307,038530,케이바이오,KOSDAQ
2308,424140,케이비제21호스팩,KOSDAQ
2309,192250,케이사인,KOSDAQ
2310,115500,케이씨에스,KOSDAQ
2311,089150,케이씨티,KOSDAQ
2312,025880,케이씨피드,KOSDAQ
2313,093320,케이아이엔엑스,KOSDAQ
2314,093640,케이알엠,KOSDAQ
2315,073010,케이에스피,KOSDAQ
2316,105330,케이엔더블유,KOSDAQ
2317,053080,케이엔솔,KOSDAQ
2318,199430,케이엔알시스템,KOSDAQ
2319,432470,케이엔에스,KOSDAQ
2320,272110,케이엔제이,KOSDAQ
2321,039420,케이엘넷,KOSDAQ
2322,083550,케이엠,KOSDAQ
2323,032500,케이엠더블유,KOSDAQ
2324,225430,케이엠제약,KOSDAQ
2325,102370,케이옥션,KOSDAQ
2326,068100,케이웨더,KOSDAQ
2327,036030,케이티알파,KOSDAQ
2328,064820,케이프,KOSDAQ
2329,256940,케이피에스,KOSDAQ
2330,024880,케이피에프,KOSDAQ
2331,042040,케이피엠테크,KOSDAQ
2332,054410,케이피티유,KOSDAQ
2333,258610,케일럼,KOSDAQ
2334,274090,켄코아에어로스페이스,KOSDAQ
2335,089010,켐트로닉스,KOSDAQ
2336,220260,켐트로스,KOSDAQ
2337,052400,코나아이,KOSDAQ
2338,402030,코난테크놀로지,KOSDAQ
2339,391710,코닉오토메이션,KOSDAQ
2340,046070,코다코,KOSDAQ
2341,047770,코데즈컴바인,KOSDAQ
2342,080530,코디,KOSDAQ
2343,104540,코렌텍,KOSDAQ
2344,027050,코리아나,KOSDAQ
2345,190650,코리아에셋투자증권,KOSDAQ
2346,123410,코리아에프티,KOSDAQ
2347,036690,코맥스,KOSDAQ
2348,049430,코메론,KOSDAQ
2349,183300,코미코,KOSDAQ
2350,041960,코미팜,KOSDAQ
2351,089890,코세스,KOSDAQ
2352,360350,코셈,KOSDAQ
2353,082660,코스나인,KOSDAQ
2354,222040,코스맥스엔비티,KOSDAQ
2355,241710,코스메카코리아,KOSDAQ
2356,355150,코스텍시스,KOSDAQ
2357,166480,코아스템켐온,KOSDAQ
2358,045970,코아시아,KOSDAQ
2359,196450,코아시아씨엠,KOSDAQ
2360,384470,코어라인소프트,KOSDAQ
2361,029960,코엔텍,KOSDAQ
2362,102940,코오롱생명과학,KOSDAQ
2363,950160,코오롱티슈진,KOSDAQ
2364,033290,코웰패션,KOSDAQ
2365,056360,코위버,KOSDAQ
2366,282880,코윈테크,KOSDAQ
2367,121850,코이즈,KOSDAQ
2368,448710,코츠테크놀로지,KOSDAQ
2369,126730,코칩,KOSDAQ
2370,015710,코콤,KOSDAQ
2371,052330,코텍,KOSDAQ
2372,322780,코퍼스코리아,KOSDAQ
2373,200130,콜마비앤에이치,KOSDAQ
2374,294570,쿠콘,KOSDAQ
2375,317690,퀀타매트릭스,KOSDAQ
2376,078940,퀀타피아,KOSDAQ
2377,227100,퀀텀온,KOSDAQ
2378,432720,퀄리타스반도체,KOSDAQ
2379,365270,큐라클,KOSDAQ
2380,348080,큐라티스,KOSDAQ
2381,060280,큐렉소,KOSDAQ
2382,372320,큐로셀,KOSDAQ
2383,051780,큐로홀딩스,KOSDAQ
2384,115180,큐리언트,KOSDAQ
2385,445680,큐리옥스바이오시스템즈,KOSDAQ
2386,182360,큐브엔터,KOSDAQ
2387,405100,큐알티,KOSDAQ
2388,066310,큐에스아이,KOSDAQ
2389,016600,큐캐피탈,KOSDAQ
2390,355390,크라우드웍스,KOSDAQ
2391,096240,크레버스,KOSDAQ
2392,040350,크레오에스지,KOSDAQ
2393,110790,크리스에프앤씨,KOSDAQ
2394,900250,크리스탈신소재,KOSDAQ
2395,045520,크린앤사이언스,KOSDAQ
2396,036170,클라우드에어,KOSDAQ
2397,214150,클래시스,KOSDAQ
2398,352770,클리노믹스,KOSDAQ
2399,237880,클리오,KOSDAQ
2400,139670,키네마스터,KOSDAQ
2401,413600,키움제6호스팩,KOSDAQ
2402,433530,키움제7호스팩,KOSDAQ
2403,446840,키움제8호스팩,KOSDAQ
2404,054780,키이스트,KOSDAQ
2405,219130,타이거일렉,KOSDAQ
2406,360070,탑머티리얼,KOSDAQ
2407,065130,탑엔지니어링,KOSDAQ
2408,134580,탑코미디어,KOSDAQ
2409,023160,태광,KOSDAQ
2410,323280,태성,KOSDAQ
2411,053620,태양,KOSDAQ
2412,044490,태웅,KOSDAQ
2413,124560,태웅로직스,KOSDAQ
2414,191420,테고사이언스,KOSDAQ
2415,073640,테라사이언스,KOSDAQ
2416,066700,테라젠이텍스,KOSDAQ
2417,095610,테스,KOSDAQ
2418,064520,테크엘,KOSDAQ
2419,089030,테크윙,KOSDAQ
2420,054450,텔레칩스,KOSDAQ
2421,200230,텔콘RF제약,KOSDAQ
2422,393210,토마토시스템,KOSDAQ
2423,215480,토박스코리아,KOSDAQ
2424,051360,토비스,KOSDAQ
2425,045340,토탈소프트,KOSDAQ
2426,108230,톱텍,KOSDAQ
2427,079970,투비소프트,KOSDAQ
2428,199800,툴젠,KOSDAQ
2429,417790,트루엔,KOSDAQ
2430,105550,트루윈,KOSDAQ
2431,290090,트윔,KOSDAQ
2432,026150,특수건설,KOSDAQ
2433,322180,티라유텍,KOSDAQ
2434,117730,티로보틱스,KOSDAQ
2435,033830,티비씨,KOSDAQ
2436,057680,티사이언티픽,KOSDAQ
2437,204610,티쓰리,KOSDAQ
2438,064760,티씨케이,KOSDAQ
2439,246710,티앤알바이오팹,KOSDAQ
2440,340570,티앤엘,KOSDAQ
2441,043220,티에스넥스젠,KOSDAQ
2442,277880,티에스아이,KOSDAQ
2443,131290,티에스이,KOSDAQ
2444,425420,티에프이,KOSDAQ
2445,131100,티엔엔터테인먼트,KOSDAQ
2446,356860,티엘비,KOSDAQ
2447,062860,티엘아이,KOSDAQ
2448,321550,티움바이오,KOSDAQ
2449,425040,티이엠씨,KOSDAQ
2450,241790,티이엠씨씨엔에스,KOSDAQ
2451,104480,티케이케미칼,KOSDAQ
2452,081150,티플랙스,KOSDAQ
2453,130740,티피씨글로벌,KOSDAQ
2454,084730,팅크웨어,KOSDAQ
2455,058530,파나케이아,KOSDAQ
2456,440110,파두,KOSDAQ
2457,034230,파라다이스,KOSDAQ
2458,033540,파라텍,KOSDAQ
2459,388870,파로스아이바이오,KOSDAQ
2460,043200,파루,KOSDAQ
2461,214450,파마리서치,KOSDAQ
2462,208340,파멥신,KOSDAQ
2463,177830,파버나인,KOSDAQ
2464,037070,파세코,KOSDAQ
2465,150900,파수,KOSDAQ
2466,037030,파워넷,KOSDAQ
2467,047310,파워로직스,KOSDAQ
2468,368770,파이버프로,KOSDAQ
2469,170790,파이오링크,KOSDAQ
2470,049120,파인디앤씨,KOSDAQ
2471,038950,파인디지털,KOSDAQ
2472,441270,파인엠텍,KOSDAQ
2473,106240,파인테크닉스,KOSDAQ
2474,131760,파인텍,KOSDAQ
2475,065690,파커스,KOSDAQ
2476,140860,파크시스템스,KOSDAQ
2477,091700,파트론,KOSDAQ
2478,032800,판타지오,KOSDAQ
2479,318010,팜스빌,KOSDAQ
2480,027710,팜스토리,KOSDAQ
2481,225590,패션플랫폼,KOSDAQ
2482,054300,팬스타엔터프라이즈,KOSDAQ
2483,068050,팬엔터테인먼트,KOSDAQ
2484,222110,팬젠,KOSDAQ
2485,271830,팸텍,KOSDAQ
2486,263750,펄어비스,KOSDAQ
2487,251970,펌텍코리아,KOSDAQ
2488,168360,펨트론,KOSDAQ
2489,087010,펩트론,KOSDAQ
2490,119500,포메탈,KOSDAQ
2491,389140,포바이포,KOSDAQ
2492,105760,포스뱅크,KOSDAQ
2493,009520,포스코엠텍,KOSDAQ
2494,189690,포시에스,KOSDAQ
2495,318020,포인트모바일,KOSDAQ
2496,256630,포인트엔지니어링,KOSDAQ
2497,331380,포커스에이치엔에스,KOSDAQ
2498,472850,폰드그룹,KOSDAQ
2499,039980,폴라리스AI,KOSDAQ
2500,041910,폴라리스AI파마,KOSDAQ
2501,234100,폴라리스세원,KOSDAQ
2502,041020,폴라리스오피스,KOSDAQ
2503,114630,폴라리스우노,KOSDAQ
2504,290720,푸드나무,KOSDAQ
2505,005670,푸드웰,KOSDAQ
2506,094940,푸른기술,KOSDAQ
2507,007330,푸른저축은행,KOSDAQ
2508,093380,풍강,KOSDAQ
2509,023900,풍국주정,KOSDAQ
2510,371950,풍원정밀,KOSDAQ
2511,370090,퓨런티어,KOSDAQ
2512,445180,퓨릿,KOSDAQ
2513,151910,퓨처코어,KOSDAQ
2514,220100,퓨쳐켐,KOSDAQ
2515,035200,프럼파스트,KOSDAQ
2516,334970,프레스티지바이오로직스,KOSDAQ
2517,321260,프로이천,KOSDAQ
2518,053610,프로텍,KOSDAQ
2519,303360,프로티아,KOSDAQ
2520,377220,프롬바이오,KOSDAQ
2521,335810,프리시젼바이오,KOSDAQ
2522,053160,프리엠스,KOSDAQ
2523,405000,플라즈맵,KOSDAQ
2524,041590,플래스크,KOSDAQ
2525,367000,플래티어,KOSDAQ
2526,075130,플랜티넷,KOSDAQ
2527,237820,플레이디,KOSDAQ
2528,023770,플레이위드,KOSDAQ
2529,019570,플루토스,KOSDAQ
2530,300080,플리토,KOSDAQ
2531,032580,피델릭스,KOSDAQ
2532,051380,피씨디렉트,KOSDAQ
2533,241820,피씨엘,KOSDAQ
2534,237750,피앤씨테크,KOSDAQ
2535,319660,피에스케이,KOSDAQ
2536,031980,피에스케이홀딩스,KOSDAQ
2537,002230,피에스텍,KOSDAQ
2538,057880,피에이치씨,KOSDAQ
2539,043370,피에이치에이,KOSDAQ
2540,239890,피엔에이치테크,KOSDAQ
2541,347740,피엔케이피부임상연구센타,KOSDAQ
2542,137400,피엔티,KOSDAQ
2543,257370,피엔티엠에스,KOSDAQ
2544,147760,피엠티,KOSDAQ
2545,128660,피제이메탈,KOSDAQ
2546,006140,피제이전자,KOSDAQ
2547,376180,피코그램,KOSDAQ
2548,304840,피플바이오,KOSDAQ
2549,062970,피피아이,KOSDAQ
2550,087600,픽셀플러스,KOSDAQ
2551,291810,핀텔,KOSDAQ
2552,378340,필에너지,KOSDAQ
2553,161580,필옵틱스,KOSDAQ
2554,347770,핌스,KOSDAQ
2555,163730,핑거,KOSDAQ
2556,417180,핑거스토리,KOSDAQ
2557,446750,하나26호스팩,KOSDAQ
2558,448370,하나27호스팩,KOSDAQ
2559,454750,하나28호스팩,KOSDAQ
2560,454640,하나29호스팩,KOSDAQ
2561,469880,하나30호스팩,KOSDAQ
2562,469900,하나31호스팩,KOSDAQ
2563,475240,하나32호스팩,KOSDAQ
2564,475250,하나33호스팩,KOSDAQ
2565,406760,하나금융21호스팩,KOSDAQ
2566,418170,하나금융22호스팩,KOSDAQ
2567,430230,하나금융24호스팩,KOSDAQ
2568,435620,하나금융25호스팩,KOSDAQ
2569,299030,하나기술,KOSDAQ
2570,067310,하나마이크론,KOSDAQ
2571,166090,하나머티리얼즈,KOSDAQ
2572,136480,하림,KOSDAQ
2573,003380,하림지주,KOSDAQ
2574,101670,하이드로리튬,KOSDAQ
2575,365590,하이딥,KOSDAQ
2576,149980,하이로닉,KOSDAQ
2577,013030,하이록코리아,KOSDAQ
2578,126700,하이비젼시스템,KOSDAQ
2579,106080,하이소닉,KOSDAQ
2580,400840,하이제7호스팩,KOSDAQ
2581,450050,하이제8호스팩,KOSDAQ
2582,221840,하이즈항공,KOSDAQ
2583,106190,하이텍팜,KOSDAQ
2584,065650,하이퍼코퍼레이션,KOSDAQ
2585,066130,하츠,KOSDAQ
2586,004590,한국가구,KOSDAQ
2587,039340,한국경제TV,KOSDAQ
2588,034950,한국기업평가,KOSDAQ
2589,222980,한국맥널티,KOSDAQ
2590,256840,한국비엔씨,KOSDAQ
2591,025550,한국선재,KOSDAQ
2592,017890,한국알콜,KOSDAQ
2593,080720,한국유니온제약,KOSDAQ
2594,063570,한국전자금융,KOSDAQ
2595,041460,한국전자인증,KOSDAQ
2596,101680,한국정밀기계,KOSDAQ
2597,039740,한국정보공학,KOSDAQ
2598,053300,한국정보인증,KOSDAQ
2599,025770,한국정보통신,KOSDAQ
2600,436610,한국제11호스팩,KOSDAQ
2601,458610,한국제12호스팩,KOSDAQ
2602,464440,한국제13호스팩,KOSDAQ
2603,023760,한국캐피탈,KOSDAQ
2604,054040,한국컴퓨터,KOSDAQ
2605,021650,한국큐빅,KOSDAQ
2606,053590,한국테크놀로지,KOSDAQ
2607,032300,한국파마,KOSDAQ
2608,037230,한국팩키지,KOSDAQ
2609,030520,한글과컴퓨터,KOSDAQ
2610,052600,한네트,KOSDAQ
2611,256150,한독크린텍,KOSDAQ
2612,092460,한라IMS,KOSDAQ
2613,452190,한빛레이저,KOSDAQ
2614,047080,한빛소프트,KOSDAQ
2615,452280,한선엔지니어링,KOSDAQ
2616,066980,한성크린텍,KOSDAQ
2617,114810,한솔아이원스,KOSDAQ
2618,070590,한솔인티큐브,KOSDAQ
2619,226440,한송네오텍,KOSDAQ
2620,042520,한스바이오메드,KOSDAQ
2621,430690,한싹,KOSDAQ
2622,078350,한양디지텍,KOSDAQ
2623,045100,한양이엔지,KOSDAQ
2624,091440,한울소재과학,KOSDAQ
2625,024740,한일단조,KOSDAQ
2626,005860,한일사료,KOSDAQ
2627,007770,한일화학,KOSDAQ
2628,198940,한주라이트메탈,KOSDAQ
2629,079170,한창산업,KOSDAQ
2630,054920,한컴위드,KOSDAQ
2631,002680,한탑,KOSDAQ
2632,386580,한화플러스제2호스팩,KOSDAQ
2633,430460,한화플러스제3호스팩,KOSDAQ
2634,455310,한화플러스제4호스팩,KOSDAQ
2635,034810,해성산업,KOSDAQ
2636,03481K,해성산업1우,KOSDAQ
2637,059270,해성에어로보틱스,KOSDAQ
2638,076610,해성옵틱스,KOSDAQ
2639,220180,핸디소프트,KOSDAQ
2640,900270,헝셩그룹,KOSDAQ
2641,214180,헥토이노베이션,KOSDAQ
2642,234340,헥토파이낸셜,KOSDAQ
2643,084990,헬릭스미스,KOSDAQ
2644,170030,현대공업,KOSDAQ
2645,319400,현대무벡스,KOSDAQ
2646,048410,현대바이오,KOSDAQ
2647,052260,현대바이오랜드,KOSDAQ
2648,041440,현대에버다임,KOSDAQ
2649,039010,현대에이치티,KOSDAQ
2650,090850,현대이지웰,KOSDAQ
2651,460930,현대힘스,KOSDAQ
2652,092300,현우산업,KOSDAQ
2653,138360,협진,KOSDAQ
2654,011080,형지I&C,KOSDAQ
2655,060560,홈센타홀딩스,KOSDAQ
2656,064240,홈캐스트,KOSDAQ
2657,039610,화성밸브,KOSDAQ
2658,126640,화신정공,KOSDAQ
2659,127980,화인써키트,KOSDAQ
2660,061250,화일약품,KOSDAQ
2661,097870,효성오앤비,KOSDAQ
2662,290270,휴네시온,KOSDAQ
2663,353190,휴럼,KOSDAQ
2664,192410,휴림네트웍스,KOSDAQ
2665,090710,휴림로봇,KOSDAQ
2666,078590,휴림에이텍,KOSDAQ
2667,205470,휴마시스,KOSDAQ
2668,115160,휴맥스,KOSDAQ
2669,028080,휴맥스홀딩스,KOSDAQ
2670,175140,휴먼테크놀로지,KOSDAQ
2671,200670,휴메딕스,KOSDAQ
2672,065510,휴비츠,KOSDAQ
2673,215090,휴센텍,KOSDAQ
2674,263920,휴엠앤씨,KOSDAQ
2675,243070,휴온스,KOSDAQ
2676,084110,휴온스글로벌,KOSDAQ
2677,145020,휴젤,KOSDAQ
2678,024060,흥구석유,KOSDAQ
2679,010240,흥국,KOSDAQ
2680,189980,흥국에프엔비,KOSDAQ
2681,037440,희림,KOSDAQ
2682,238490,힘스,KOSDAQ
2683,278990,EMB,KONEX
2684,343090,HLB사이언스,KONEX
2685,112190,KC산업,KONEX
2686,260870,SK시그넷,KONEX
2687,296520,가이아코퍼레이션,KONEX
2688,076340,관악산업,KONEX
2689,086220,광동헬스바이오,KONEX
2690,243870,굿센,KONEX
2691,456700,길교이앤씨,KONEX
2692,244880,나눔테크,KONEX
2693,288490,나라소프트,KONEX
2694,257990,나우코스,KONEX
2695,317860,노드메이슨,KONEX
2696,283100,노보믹스,KONEX
2697,229500,노브메타파마,KONEX
2698,323350,다원넥스뷰,KONEX
2699,178600,대동고려삼,KONEX
2700,114920,대주이엔티,KONEX
2701,302920,더콘텐츠온,KONEX
2702,199150,데이터스트림즈,KONEX
2703,227420,도부마스크,KONEX
2704,176750,듀켐바이오,KONEX
2705,163430,디피코,KONEX
2706,403360,라피치,KONEX
2707,092590,럭스피아,KONEX
2708,238500,로보쓰리에이아이,KONEX
2709,223220,로지스몬,KONEX
2710,162120,루켄테크놀러지스,KONEX
2711,253610,루트락,KONEX
2712,448780,마이크로엔엑스,KONEX
2713,179720,머니무브,KONEX
2714,200580,메디쎄이,KONEX
2715,233250,메디안디노스틱,KONEX
2716,236340,메디젠휴먼케어,KONEX
2717,322970,무진메디,KONEX
2718,208890,미래엔에듀파트너,KONEX
2719,351020,미쥬,KONEX
2720,354390,바스칸바이오제약,KONEX
2721,266470,바이오인프라생명과학,KONEX
2722,289170,바이오텐,KONEX
2723,199290,바이오프로테크,KONEX
2724,206950,볼빅,KONEX
2725,191600,블루탑,KONEX
2726,266170,뿌리깊은나무들,KONEX
2727,012210,삼미금속,KONEX
2728,267080,세븐브로이맥주,KONEX
2729,258250,셀젠텍,KONEX
2730,185190,수프로,KONEX
2731,217320,썬테크,KONEX
2732,236030,씨알푸드,KONEX
2733,103660,씨앗,KONEX
2734,245450,씨앤에스링크,KONEX
2735,286000,씨엔티드림,KONEX
2736,456570,아이엠지티,KONEX
2737,447690,아이오바이오,KONEX
2738,149010,아이케이세미콘,KONEX
2739,149300,아퓨어스,KONEX
2740,102950,아하,KONEX
2741,251280,안지오랩,KONEX
2742,390110,애니메디솔루션,KONEX
2743,224810,엄지하우스,KONEX
2744,270210,에스알바이오텍,KONEX
2745,258540,에스엘테라퓨틱스,KONEX
2746,299670,에스엠비나,KONEX
2747,217910,에스제이켐,KONEX
2748,311960,에이아이더뉴트리진,KONEX
2749,234070,에이원알폼,KONEX
2750,044990,에이치엔에스하이텍,KONEX
2751,207490,에이펙스인텍,KONEX
2752,446440,에피바이오텍,KONEX
2753,140610,엔솔바이오사이언스,KONEX
2754,238170,엔에스엠,KONEX
2755,224760,엔에스컴퍼니,KONEX
2756,093510,엔지브이아이,KONEX
2757,276240,엘리비젼,KONEX
2758,311060,엘에이티,KONEX
2759,212310,오건에코텍,KONEX
2760,122830,원포유,KONEX
2761,140660,위월드,KONEX
2762,121060,유니포인트,KONEX
2763,337840,유엑스엔,KONEX
2764,279060,이노벡스,KONEX
2765,419700,이브이파킹서비스,KONEX
2766,208850,이비테크,KONEX
2767,379390,이성씨엔아이,KONEX
2768,341310,이앤에치,KONEX
2769,232530,이엠티,KONEX
2770,216400,인바이츠바이오코아,KONEX
2771,066830,제노텍,KONEX
2772,254160,제이엠멀티,KONEX
2773,289860,지슨,KONEX
2774,299480,지앤이헬스케어,KONEX
2775,388610,지에프씨생명과학,KONEX
2776,250030,진코스텍,KONEX
2777,233990,질경이,KONEX
2778,446600,카이바이오텍,KONEX
2779,402420,켈스,KONEX
2780,176590,코나솔,KONEX
2781,189350,코셋,KONEX
2782,169670,코스텍시스템,KONEX
2783,456190,큐라켐,KONEX
2784,086460,큐러블,KONEX
2785,136660,큐엠씨,KONEX
2786,215570,크로넥스,KONEX
2787,336040,타스컴,KONEX
2788,346010,타이드,KONEX
2789,318660,타임기술,KONEX
2790,434190,탈로스,KONEX
2791,180060,탑선,KONEX
2792,052960,태양3C,KONEX
2793,116100,태양기계,KONEX
2794,308700,테크엔,KONEX
2795,258050,테크트랜스,KONEX
2796,413300,티엘엔지니어링,KONEX
2797,217880,틸론,KONEX
2798,217950,파마리서치바이오,KONEX
2799,266870,파워풀엑스,KONEX
2800,202960,판도라티비,KONEX
2801,327610,펨토바이오메드,KONEX
2802,341170,퓨쳐메디신,KONEX
2803,296160,프로젠,KONEX
2804,222670,플럼라인생명과학,KONEX
2805,331660,한국미라클피플사,KONEX
2806,448900,한국피아이엠,KONEX
2807,107640,한중엔시에스,KONEX
